ISO-10303-21;
HEADER;
/* Generated by software containing ST-Developer
 * from STEP Tools, Inc. (www.steptools.com) 
 */

FILE_DESCRIPTION(
/* description */ ('STEP AP214'),
/* implementation_level */ '2;1');

FILE_NAME(
/* name */ 'SK6812SIDE-A.step',
/* time_stamp */ '2026-08-19T16:03:42+02:00',
/* author */ (''),
/* organization */ (''),
/* preprocessor_version */ 'ST-DEVELOPER v20.1',
/* originating_system */ 'Autodesk Translation Framework v15.8.0.0',
/* authorisation */ '');

FILE_SCHEMA (('AUTOMOTIVE_DESIGN { 1 0 10303 214 3 1 1 }'));
ENDSEC;

DATA;
#10=MECHANICAL_DESIGN_GEOMETRIC_PRESENTATION_REPRESENTATION('',(#1572,#1573,
#1574,#1575,#1576,#1577,#1578,#1579,#1580,#1581,#1582,#1583,#1584,#1585,
#1586,#1587,#1588,#1589,#1590,#1591,#1592,#1593,#1594,#1595,#1596,#1597,
#1598,#1599,#1600,#1601,#1602,#1603,#1604,#1605,#1606,#1607,#1608,#1609,
#1610,#1611,#1612,#1613,#1614,#1615,#1616,#1617,#1618,#1619,#1620,#1621,
#1622,#1623,#1624,#1625,#1626,#1627,#1628,#1629,#1630,#1631,#1632,#1633,
#1634,#1635,#1636,#1637,#1638,#1639,#1640,#1641,#1642,#1643,#1644,#1645,
#1646,#1647,#1648,#1649,#1650,#1651,#1652,#1653,#1654,#1655),#2821);
#11=SHAPE_REPRESENTATION_RELATIONSHIP('SRR','None',#2828,#12);
#12=ADVANCED_BREP_SHAPE_REPRESENTATION('',(#13),#2820);
#13=MANIFOLD_SOLID_BREP('K\X\F6rper1',#1739);
#14=B_SPLINE_CURVE_WITH_KNOTS('',3,(#2715,#2716,#2717,#2718,#2719,#2720,
#2721,#2722,#2723,#2724),.UNSPECIFIED.,.F.,.F.,(4,2,2,2,4),(0.101821852911234,
0.110055374642862,0.118288896374491,0.130445890220565,0.142602884066638),
 .UNSPECIFIED.);
#15=B_SPLINE_CURVE_WITH_KNOTS('',3,(#2725,#2726,#2727,#2728,#2729,#2730,
#2731,#2732,#2733,#2734),.UNSPECIFIED.,.F.,.F.,(4,2,2,2,4),(-0.0630412904152517,
-0.0592716072736872,-0.0555019241321228,-0.0516419790766767,-0.0477820340212306),
 .UNSPECIFIED.);
#16=B_SPLINE_CURVE_WITH_KNOTS('',3,(#2736,#2737,#2738,#2739,#2740,#2741,
#2742,#2743,#2744,#2745),.UNSPECIFIED.,.F.,.F.,(4,2,2,2,4),(0.,0.0121569938460739,
0.0243139876921478,0.0325475094237763,0.0407810311554049),.UNSPECIFIED.);
#17=B_SPLINE_CURVE_WITH_KNOTS('',3,(#2746,#2747,#2748,#2749,#2750,#2751,
#2752,#2753,#2754,#2755),.UNSPECIFIED.,.F.,.F.,(4,2,2,2,4),(-0.0467799016016469,
-0.0429199565462008,-0.0390600114907547,-0.0352903283491903,-0.0315206452076258),
 .UNSPECIFIED.);
#18=B_SPLINE_CURVE_WITH_KNOTS('',3,(#2757,#2758,#2759,#2760,#2761,#2762,
#2763,#2764,#2765,#2766),.UNSPECIFIED.,.F.,.F.,(4,2,2,2,4),(-0.0636695856606052,
-0.0622667897716318,-0.0576017271212542,-0.0528311761919692,-0.0480606252626842),
 .UNSPECIFIED.);
#19=B_SPLINE_CURVE_WITH_KNOTS('',3,(#2767,#2768,#2769,#2770,#2771,#2772,
#2773,#2774,#2775,#2776),.UNSPECIFIED.,.F.,.F.,(4,2,2,2,4),(0.00766079990869548,
0.0081369745349044,0.0117692617265504,0.0149720774653442,0.0153033773767969),
 .UNSPECIFIED.);
#20=B_SPLINE_CURVE_WITH_KNOTS('',3,(#2778,#2779,#2780,#2781,#2782,#2783,
#2784,#2785,#2786,#2787),.UNSPECIFIED.,.F.,.F.,(4,2,2,2,4),(-0.0480606252626842,
-0.0432900743333992,-0.0385195234041142,-0.0338544607537366,-0.0324516648647633),
 .UNSPECIFIED.);
#21=B_SPLINE_CURVE_WITH_KNOTS('',3,(#2788,#2789,#2790,#2791,#2792,#2793,
#2794,#2795,#2796,#2797),.UNSPECIFIED.,.F.,.F.,(4,2,2,2,4),(0.0484007377300791,
0.0487320376415318,0.0519348533803256,0.0555671405719716,0.0560433151981805),
 .UNSPECIFIED.);
#22=CYLINDRICAL_SURFACE('',#1838,0.3);
#23=CYLINDRICAL_SURFACE('',#1839,0.3);
#24=CYLINDRICAL_SURFACE('',#1840,0.15);
#25=CYLINDRICAL_SURFACE('',#1841,0.15);
#26=CYLINDRICAL_SURFACE('',#1842,0.1);
#27=CYLINDRICAL_SURFACE('',#1843,0.1);
#28=CYLINDRICAL_SURFACE('',#1852,0.2);
#29=CYLINDRICAL_SURFACE('',#1853,0.2);
#30=CYLINDRICAL_SURFACE('',#1854,0.08);
#31=CYLINDRICAL_SURFACE('',#1855,0.08);
#32=CYLINDRICAL_SURFACE('',#1856,0.2);
#33=CYLINDRICAL_SURFACE('',#1857,0.2);
#34=FACE_BOUND('',#149,.T.);
#35=FACE_BOUND('',#150,.T.);
#36=FACE_BOUND('',#151,.T.);
#37=FACE_BOUND('',#152,.T.);
#38=FACE_BOUND('',#161,.T.);
#39=FACE_BOUND('',#165,.T.);
#40=CIRCLE('',#1756,0.3);
#41=CIRCLE('',#1757,0.15);
#42=CIRCLE('',#1760,0.1);
#43=CIRCLE('',#1762,0.1);
#44=CIRCLE('',#1794,0.2);
#45=CIRCLE('',#1795,0.08);
#46=CIRCLE('',#1797,0.2);
#47=CIRCLE('',#1798,0.08);
#48=CIRCLE('',#1804,0.2);
#49=CIRCLE('',#1807,0.15);
#50=CIRCLE('',#1808,0.3);
#51=CIRCLE('',#1814,0.2);
#52=CIRCLE('',#1815,0.08);
#53=CIRCLE('',#1817,0.2);
#54=CIRCLE('',#1818,0.08);
#55=CIRCLE('',#1824,0.3);
#56=CIRCLE('',#1825,0.15);
#57=CIRCLE('',#1828,0.2);
#58=CIRCLE('',#1830,0.15);
#59=CIRCLE('',#1831,0.3);
#60=CIRCLE('',#1846,0.2);
#61=CIRCLE('',#1851,0.2);
#62=FACE_OUTER_BOUND('',#145,.T.);
#63=FACE_OUTER_BOUND('',#146,.T.);
#64=FACE_OUTER_BOUND('',#147,.T.);
#65=FACE_OUTER_BOUND('',#148,.T.);
#66=FACE_OUTER_BOUND('',#153,.T.);
#67=FACE_OUTER_BOUND('',#154,.T.);
#68=FACE_OUTER_BOUND('',#155,.T.);
#69=FACE_OUTER_BOUND('',#156,.T.);
#70=FACE_OUTER_BOUND('',#157,.T.);
#71=FACE_OUTER_BOUND('',#158,.T.);
#72=FACE_OUTER_BOUND('',#159,.T.);
#73=FACE_OUTER_BOUND('',#160,.T.);
#74=FACE_OUTER_BOUND('',#162,.T.);
#75=FACE_OUTER_BOUND('',#163,.T.);
#76=FACE_OUTER_BOUND('',#164,.T.);
#77=FACE_OUTER_BOUND('',#166,.T.);
#78=FACE_OUTER_BOUND('',#167,.T.);
#79=FACE_OUTER_BOUND('',#168,.T.);
#80=FACE_OUTER_BOUND('',#169,.T.);
#81=FACE_OUTER_BOUND('',#170,.T.);
#82=FACE_OUTER_BOUND('',#171,.T.);
#83=FACE_OUTER_BOUND('',#172,.T.);
#84=FACE_OUTER_BOUND('',#173,.T.);
#85=FACE_OUTER_BOUND('',#174,.T.);
#86=FACE_OUTER_BOUND('',#175,.T.);
#87=FACE_OUTER_BOUND('',#176,.T.);
#88=FACE_OUTER_BOUND('',#177,.T.);
#89=FACE_OUTER_BOUND('',#178,.T.);
#90=FACE_OUTER_BOUND('',#179,.T.);
#91=FACE_OUTER_BOUND('',#180,.T.);
#92=FACE_OUTER_BOUND('',#181,.T.);
#93=FACE_OUTER_BOUND('',#182,.T.);
#94=FACE_OUTER_BOUND('',#183,.T.);
#95=FACE_OUTER_BOUND('',#184,.T.);
#96=FACE_OUTER_BOUND('',#185,.T.);
#97=FACE_OUTER_BOUND('',#186,.T.);
#98=FACE_OUTER_BOUND('',#187,.T.);
#99=FACE_OUTER_BOUND('',#188,.T.);
#100=FACE_OUTER_BOUND('',#189,.T.);
#101=FACE_OUTER_BOUND('',#190,.T.);
#102=FACE_OUTER_BOUND('',#191,.T.);
#103=FACE_OUTER_BOUND('',#192,.T.);
#104=FACE_OUTER_BOUND('',#193,.T.);
#105=FACE_OUTER_BOUND('',#194,.T.);
#106=FACE_OUTER_BOUND('',#195,.T.);
#107=FACE_OUTER_BOUND('',#196,.T.);
#108=FACE_OUTER_BOUND('',#197,.T.);
#109=FACE_OUTER_BOUND('',#198,.T.);
#110=FACE_OUTER_BOUND('',#199,.T.);
#111=FACE_OUTER_BOUND('',#200,.T.);
#112=FACE_OUTER_BOUND('',#201,.T.);
#113=FACE_OUTER_BOUND('',#202,.T.);
#114=FACE_OUTER_BOUND('',#203,.T.);
#115=FACE_OUTER_BOUND('',#204,.T.);
#116=FACE_OUTER_BOUND('',#205,.T.);
#117=FACE_OUTER_BOUND('',#206,.T.);
#118=FACE_OUTER_BOUND('',#207,.T.);
#119=FACE_OUTER_BOUND('',#208,.T.);
#120=FACE_OUTER_BOUND('',#209,.T.);
#121=FACE_OUTER_BOUND('',#210,.T.);
#122=FACE_OUTER_BOUND('',#211,.T.);
#123=FACE_OUTER_BOUND('',#212,.T.);
#124=FACE_OUTER_BOUND('',#213,.T.);
#125=FACE_OUTER_BOUND('',#214,.T.);
#126=FACE_OUTER_BOUND('',#215,.T.);
#127=FACE_OUTER_BOUND('',#216,.T.);
#128=FACE_OUTER_BOUND('',#217,.T.);
#129=FACE_OUTER_BOUND('',#218,.T.);
#130=FACE_OUTER_BOUND('',#219,.T.);
#131=FACE_OUTER_BOUND('',#220,.T.);
#132=FACE_OUTER_BOUND('',#221,.T.);
#133=FACE_OUTER_BOUND('',#222,.T.);
#134=FACE_OUTER_BOUND('',#223,.T.);
#135=FACE_OUTER_BOUND('',#224,.T.);
#136=FACE_OUTER_BOUND('',#225,.T.);
#137=FACE_OUTER_BOUND('',#226,.T.);
#138=FACE_OUTER_BOUND('',#227,.T.);
#139=FACE_OUTER_BOUND('',#228,.T.);
#140=FACE_OUTER_BOUND('',#229,.T.);
#141=FACE_OUTER_BOUND('',#230,.T.);
#142=FACE_OUTER_BOUND('',#231,.T.);
#143=FACE_OUTER_BOUND('',#232,.T.);
#144=FACE_OUTER_BOUND('',#233,.T.);
#145=EDGE_LOOP('',(#1031,#1032,#1033,#1034,#1035,#1036));
#146=EDGE_LOOP('',(#1037,#1038,#1039,#1040));
#147=EDGE_LOOP('',(#1041,#1042,#1043,#1044,#1045,#1046));
#148=EDGE_LOOP('',(#1047,#1048,#1049,#1050,#1051,#1052,#1053,#1054));
#149=EDGE_LOOP('',(#1055,#1056,#1057,#1058));
#150=EDGE_LOOP('',(#1059,#1060,#1061,#1062));
#151=EDGE_LOOP('',(#1063,#1064,#1065,#1066));
#152=EDGE_LOOP('',(#1067,#1068,#1069,#1070));
#153=EDGE_LOOP('',(#1071,#1072,#1073,#1074,#1075,#1076,#1077,#1078));
#154=EDGE_LOOP('',(#1079,#1080,#1081,#1082,#1083,#1084,#1085,#1086));
#155=EDGE_LOOP('',(#1087,#1088,#1089,#1090,#1091,#1092,#1093,#1094,#1095,
#1096,#1097,#1098,#1099,#1100,#1101,#1102,#1103,#1104,#1105,#1106));
#156=EDGE_LOOP('',(#1107,#1108,#1109,#1110));
#157=EDGE_LOOP('',(#1111,#1112,#1113,#1114,#1115,#1116,#1117,#1118));
#158=EDGE_LOOP('',(#1119,#1120,#1121,#1122));
#159=EDGE_LOOP('',(#1123,#1124,#1125,#1126,#1127,#1128,#1129,#1130,#1131,
#1132,#1133,#1134));
#160=EDGE_LOOP('',(#1135,#1136,#1137,#1138,#1139,#1140,#1141,#1142));
#161=EDGE_LOOP('',(#1143,#1144,#1145,#1146));
#162=EDGE_LOOP('',(#1147,#1148,#1149,#1150,#1151));
#163=EDGE_LOOP('',(#1152,#1153,#1154,#1155,#1156,#1157,#1158));
#164=EDGE_LOOP('',(#1159,#1160,#1161,#1162,#1163));
#165=EDGE_LOOP('',(#1164,#1165,#1166,#1167,#1168,#1169,#1170,#1171));
#166=EDGE_LOOP('',(#1172,#1173,#1174,#1175));
#167=EDGE_LOOP('',(#1176,#1177,#1178));
#168=EDGE_LOOP('',(#1179,#1180,#1181,#1182));
#169=EDGE_LOOP('',(#1183,#1184,#1185,#1186));
#170=EDGE_LOOP('',(#1187,#1188,#1189,#1190));
#171=EDGE_LOOP('',(#1191,#1192,#1193,#1194));
#172=EDGE_LOOP('',(#1195,#1196,#1197,#1198));
#173=EDGE_LOOP('',(#1199,#1200,#1201,#1202));
#174=EDGE_LOOP('',(#1203,#1204,#1205,#1206));
#175=EDGE_LOOP('',(#1207,#1208,#1209,#1210));
#176=EDGE_LOOP('',(#1211,#1212,#1213,#1214));
#177=EDGE_LOOP('',(#1215,#1216,#1217,#1218));
#178=EDGE_LOOP('',(#1219,#1220,#1221,#1222));
#179=EDGE_LOOP('',(#1223,#1224,#1225,#1226));
#180=EDGE_LOOP('',(#1227,#1228,#1229,#1230));
#181=EDGE_LOOP('',(#1231,#1232,#1233,#1234));
#182=EDGE_LOOP('',(#1235,#1236,#1237,#1238));
#183=EDGE_LOOP('',(#1239,#1240,#1241,#1242));
#184=EDGE_LOOP('',(#1243,#1244,#1245,#1246));
#185=EDGE_LOOP('',(#1247,#1248,#1249,#1250));
#186=EDGE_LOOP('',(#1251,#1252,#1253,#1254));
#187=EDGE_LOOP('',(#1255,#1256,#1257,#1258,#1259,#1260,#1261,#1262,#1263));
#188=EDGE_LOOP('',(#1264,#1265,#1266,#1267,#1268,#1269,#1270,#1271,#1272));
#189=EDGE_LOOP('',(#1273,#1274,#1275,#1276));
#190=EDGE_LOOP('',(#1277,#1278,#1279,#1280));
#191=EDGE_LOOP('',(#1281,#1282,#1283,#1284));
#192=EDGE_LOOP('',(#1285,#1286,#1287,#1288));
#193=EDGE_LOOP('',(#1289,#1290,#1291,#1292,#1293,#1294,#1295,#1296));
#194=EDGE_LOOP('',(#1297,#1298,#1299,#1300,#1301));
#195=EDGE_LOOP('',(#1302,#1303,#1304,#1305,#1306,#1307));
#196=EDGE_LOOP('',(#1308,#1309,#1310,#1311));
#197=EDGE_LOOP('',(#1312,#1313,#1314,#1315));
#198=EDGE_LOOP('',(#1316,#1317,#1318,#1319,#1320));
#199=EDGE_LOOP('',(#1321,#1322,#1323,#1324));
#200=EDGE_LOOP('',(#1325,#1326,#1327,#1328,#1329,#1330,#1331,#1332,#1333));
#201=EDGE_LOOP('',(#1334,#1335,#1336,#1337,#1338,#1339,#1340,#1341,#1342));
#202=EDGE_LOOP('',(#1343,#1344,#1345,#1346));
#203=EDGE_LOOP('',(#1347,#1348,#1349,#1350));
#204=EDGE_LOOP('',(#1351,#1352,#1353,#1354));
#205=EDGE_LOOP('',(#1355,#1356,#1357,#1358));
#206=EDGE_LOOP('',(#1359,#1360,#1361,#1362,#1363,#1364));
#207=EDGE_LOOP('',(#1365,#1366,#1367,#1368,#1369));
#208=EDGE_LOOP('',(#1370,#1371,#1372,#1373,#1374,#1375,#1376,#1377));
#209=EDGE_LOOP('',(#1378,#1379,#1380,#1381,#1382,#1383));
#210=EDGE_LOOP('',(#1384,#1385,#1386,#1387));
#211=EDGE_LOOP('',(#1388,#1389,#1390,#1391,#1392));
#212=EDGE_LOOP('',(#1393,#1394,#1395,#1396));
#213=EDGE_LOOP('',(#1397,#1398,#1399,#1400));
#214=EDGE_LOOP('',(#1401,#1402,#1403,#1404));
#215=EDGE_LOOP('',(#1405,#1406,#1407,#1408));
#216=EDGE_LOOP('',(#1409,#1410,#1411,#1412,#1413,#1414));
#217=EDGE_LOOP('',(#1415,#1416,#1417,#1418,#1419,#1420));
#218=EDGE_LOOP('',(#1421,#1422,#1423,#1424,#1425,#1426));
#219=EDGE_LOOP('',(#1427,#1428,#1429,#1430,#1431,#1432));
#220=EDGE_LOOP('',(#1433,#1434,#1435,#1436,#1437));
#221=EDGE_LOOP('',(#1438,#1439,#1440,#1441,#1442));
#222=EDGE_LOOP('',(#1443,#1444,#1445,#1446));
#223=EDGE_LOOP('',(#1447,#1448,#1449,#1450,#1451));
#224=EDGE_LOOP('',(#1452,#1453,#1454,#1455));
#225=EDGE_LOOP('',(#1456,#1457,#1458,#1459));
#226=EDGE_LOOP('',(#1460,#1461,#1462,#1463));
#227=EDGE_LOOP('',(#1464,#1465,#1466,#1467,#1468));
#228=EDGE_LOOP('',(#1469,#1470,#1471,#1472));
#229=EDGE_LOOP('',(#1473,#1474,#1475,#1476));
#230=EDGE_LOOP('',(#1477,#1478,#1479,#1480));
#231=EDGE_LOOP('',(#1481,#1482,#1483,#1484));
#232=EDGE_LOOP('',(#1485,#1486,#1487,#1488,#1489,#1490,#1491,#1492));
#233=EDGE_LOOP('',(#1493,#1494,#1495,#1496,#1497,#1498,#1499,#1500));
#234=LINE('',#2279,#439);
#235=LINE('',#2281,#440);
#236=LINE('',#2283,#441);
#237=LINE('',#2285,#442);
#238=LINE('',#2287,#443);
#239=LINE('',#2288,#444);
#240=LINE('',#2292,#445);
#241=LINE('',#2294,#446);
#242=LINE('',#2296,#447);
#243=LINE('',#2297,#448);
#244=LINE('',#2303,#449);
#245=LINE('',#2307,#450);
#246=LINE('',#2309,#451);
#247=LINE('',#2310,#452);
#248=LINE('',#2314,#453);
#249=LINE('',#2316,#454);
#250=LINE('',#2318,#455);
#251=LINE('',#2320,#456);
#252=LINE('',#2322,#457);
#253=LINE('',#2324,#458);
#254=LINE('',#2326,#459);
#255=LINE('',#2327,#460);
#256=LINE('',#2330,#461);
#257=LINE('',#2332,#462);
#258=LINE('',#2334,#463);
#259=LINE('',#2335,#464);
#260=LINE('',#2337,#465);
#261=LINE('',#2339,#466);
#262=LINE('',#2340,#467);
#263=LINE('',#2343,#468);
#264=LINE('',#2345,#469);
#265=LINE('',#2347,#470);
#266=LINE('',#2348,#471);
#267=LINE('',#2351,#472);
#268=LINE('',#2353,#473);
#269=LINE('',#2355,#474);
#270=LINE('',#2356,#475);
#271=LINE('',#2360,#476);
#272=LINE('',#2362,#477);
#273=LINE('',#2364,#478);
#274=LINE('',#2366,#479);
#275=LINE('',#2368,#480);
#276=LINE('',#2370,#481);
#277=LINE('',#2372,#482);
#278=LINE('',#2377,#483);
#279=LINE('',#2379,#484);
#280=LINE('',#2381,#485);
#281=LINE('',#2385,#486);
#282=LINE('',#2387,#487);
#283=LINE('',#2389,#488);
#284=LINE('',#2390,#489);
#285=LINE('',#2393,#490);
#286=LINE('',#2395,#491);
#287=LINE('',#2396,#492);
#288=LINE('',#2398,#493);
#289=LINE('',#2400,#494);
#290=LINE('',#2401,#495);
#291=LINE('',#2403,#496);
#292=LINE('',#2405,#497);
#293=LINE('',#2407,#498);
#294=LINE('',#2409,#499);
#295=LINE('',#2411,#500);
#296=LINE('',#2413,#501);
#297=LINE('',#2415,#502);
#298=LINE('',#2417,#503);
#299=LINE('',#2419,#504);
#300=LINE('',#2421,#505);
#301=LINE('',#2422,#506);
#302=LINE('',#2425,#507);
#303=LINE('',#2426,#508);
#304=LINE('',#2427,#509);
#305=LINE('',#2431,#510);
#306=LINE('',#2432,#511);
#307=LINE('',#2434,#512);
#308=LINE('',#2436,#513);
#309=LINE('',#2438,#514);
#310=LINE('',#2439,#515);
#311=LINE('',#2441,#516);
#312=LINE('',#2442,#517);
#313=LINE('',#2444,#518);
#314=LINE('',#2445,#519);
#315=LINE('',#2446,#520);
#316=LINE('',#2447,#521);
#317=LINE('',#2449,#522);
#318=LINE('',#2451,#523);
#319=LINE('',#2452,#524);
#320=LINE('',#2456,#525);
#321=LINE('',#2458,#526);
#322=LINE('',#2460,#527);
#323=LINE('',#2462,#528);
#324=LINE('',#2464,#529);
#325=LINE('',#2466,#530);
#326=LINE('',#2468,#531);
#327=LINE('',#2469,#532);
#328=LINE('',#2472,#533);
#329=LINE('',#2474,#534);
#330=LINE('',#2476,#535);
#331=LINE('',#2477,#536);
#332=LINE('',#2479,#537);
#333=LINE('',#2482,#538);
#334=LINE('',#2484,#539);
#335=LINE('',#2485,#540);
#336=LINE('',#2486,#541);
#337=LINE('',#2488,#542);
#338=LINE('',#2491,#543);
#339=LINE('',#2493,#544);
#340=LINE('',#2495,#545);
#341=LINE('',#2497,#546);
#342=LINE('',#2499,#547);
#343=LINE('',#2501,#548);
#344=LINE('',#2503,#549);
#345=LINE('',#2504,#550);
#346=LINE('',#2506,#551);
#347=LINE('',#2508,#552);
#348=LINE('',#2511,#553);
#349=LINE('',#2512,#554);
#350=LINE('',#2514,#555);
#351=LINE('',#2516,#556);
#352=LINE('',#2518,#557);
#353=LINE('',#2520,#558);
#354=LINE('',#2522,#559);
#355=LINE('',#2524,#560);
#356=LINE('',#2528,#561);
#357=LINE('',#2530,#562);
#358=LINE('',#2531,#563);
#359=LINE('',#2534,#564);
#360=LINE('',#2535,#565);
#361=LINE('',#2538,#566);
#362=LINE('',#2539,#567);
#363=LINE('',#2541,#568);
#364=LINE('',#2544,#569);
#365=LINE('',#2547,#570);
#366=LINE('',#2551,#571);
#367=LINE('',#2553,#572);
#368=LINE('',#2554,#573);
#369=LINE('',#2557,#574);
#370=LINE('',#2560,#575);
#371=LINE('',#2562,#576);
#372=LINE('',#2565,#577);
#373=LINE('',#2568,#578);
#374=LINE('',#2571,#579);
#375=LINE('',#2573,#580);
#376=LINE('',#2576,#581);
#377=LINE('',#2578,#582);
#378=LINE('',#2580,#583);
#379=LINE('',#2582,#584);
#380=LINE('',#2585,#585);
#381=LINE('',#2587,#586);
#382=LINE('',#2588,#587);
#383=LINE('',#2591,#588);
#384=LINE('',#2594,#589);
#385=LINE('',#2595,#590);
#386=LINE('',#2598,#591);
#387=LINE('',#2599,#592);
#388=LINE('',#2605,#593);
#389=LINE('',#2609,#594);
#390=LINE('',#2611,#595);
#391=LINE('',#2612,#596);
#392=LINE('',#2614,#597);
#393=LINE('',#2615,#598);
#394=LINE('',#2618,#599);
#395=LINE('',#2619,#600);
#396=LINE('',#2622,#601);
#397=LINE('',#2623,#602);
#398=LINE('',#2626,#603);
#399=LINE('',#2628,#604);
#400=LINE('',#2629,#605);
#401=LINE('',#2632,#606);
#402=LINE('',#2635,#607);
#403=LINE('',#2637,#608);
#404=LINE('',#2640,#609);
#405=LINE('',#2643,#610);
#406=LINE('',#2646,#611);
#407=LINE('',#2648,#612);
#408=LINE('',#2651,#613);
#409=LINE('',#2653,#614);
#410=LINE('',#2655,#615);
#411=LINE('',#2657,#616);
#412=LINE('',#2660,#617);
#413=LINE('',#2662,#618);
#414=LINE('',#2663,#619);
#415=LINE('',#2669,#620);
#416=LINE('',#2673,#621);
#417=LINE('',#2675,#622);
#418=LINE('',#2676,#623);
#419=LINE('',#2679,#624);
#420=LINE('',#2680,#625);
#421=LINE('',#2683,#626);
#422=LINE('',#2685,#627);
#423=LINE('',#2691,#628);
#424=LINE('',#2695,#629);
#425=LINE('',#2697,#630);
#426=LINE('',#2698,#631);
#427=LINE('',#2700,#632);
#428=LINE('',#2701,#633);
#429=LINE('',#2704,#634);
#430=LINE('',#2705,#635);
#431=LINE('',#2707,#636);
#432=LINE('',#2708,#637);
#433=LINE('',#2711,#638);
#434=LINE('',#2712,#639);
#435=LINE('',#2801,#640);
#436=LINE('',#2805,#641);
#437=LINE('',#2807,#642);
#438=LINE('',#2809,#643);
#439=VECTOR('',#1862,1000.);
#440=VECTOR('',#1863,1000.);
#441=VECTOR('',#1864,1000.);
#442=VECTOR('',#1865,1000.);
#443=VECTOR('',#1866,1000.);
#444=VECTOR('',#1867,1000.);
#445=VECTOR('',#1870,1000.);
#446=VECTOR('',#1871,1000.);
#447=VECTOR('',#1872,1000.);
#448=VECTOR('',#1873,1000.);
#449=VECTOR('',#1878,1000.);
#450=VECTOR('',#1881,1000.);
#451=VECTOR('',#1882,1000.);
#452=VECTOR('',#1883,1000.);
#453=VECTOR('',#1886,1000.);
#454=VECTOR('',#1887,1000.);
#455=VECTOR('',#1888,1000.);
#456=VECTOR('',#1889,1000.);
#457=VECTOR('',#1890,1000.);
#458=VECTOR('',#1891,1000.);
#459=VECTOR('',#1892,1000.);
#460=VECTOR('',#1893,1000.);
#461=VECTOR('',#1894,1000.);
#462=VECTOR('',#1895,1000.);
#463=VECTOR('',#1896,1000.);
#464=VECTOR('',#1897,1000.);
#465=VECTOR('',#1898,1000.);
#466=VECTOR('',#1899,1000.);
#467=VECTOR('',#1900,1000.);
#468=VECTOR('',#1901,1000.);
#469=VECTOR('',#1902,1000.);
#470=VECTOR('',#1903,1000.);
#471=VECTOR('',#1904,1000.);
#472=VECTOR('',#1905,1000.);
#473=VECTOR('',#1906,1000.);
#474=VECTOR('',#1907,1000.);
#475=VECTOR('',#1908,1000.);
#476=VECTOR('',#1911,1000.);
#477=VECTOR('',#1912,1000.);
#478=VECTOR('',#1913,1000.);
#479=VECTOR('',#1914,1000.);
#480=VECTOR('',#1915,1000.);
#481=VECTOR('',#1916,1000.);
#482=VECTOR('',#1917,1000.);
#483=VECTOR('',#1922,1000.);
#484=VECTOR('',#1923,1000.);
#485=VECTOR('',#1924,1000.);
#486=VECTOR('',#1927,1000.);
#487=VECTOR('',#1928,1000.);
#488=VECTOR('',#1929,1000.);
#489=VECTOR('',#1930,1000.);
#490=VECTOR('',#1933,1000.);
#491=VECTOR('',#1934,1000.);
#492=VECTOR('',#1935,1000.);
#493=VECTOR('',#1936,1000.);
#494=VECTOR('',#1937,1000.);
#495=VECTOR('',#1938,1000.);
#496=VECTOR('',#1939,1000.);
#497=VECTOR('',#1940,1000.);
#498=VECTOR('',#1941,1000.);
#499=VECTOR('',#1942,1000.);
#500=VECTOR('',#1943,1000.);
#501=VECTOR('',#1944,1000.);
#502=VECTOR('',#1945,1000.);
#503=VECTOR('',#1946,1000.);
#504=VECTOR('',#1947,1000.);
#505=VECTOR('',#1948,1000.);
#506=VECTOR('',#1949,1000.);
#507=VECTOR('',#1952,1000.);
#508=VECTOR('',#1953,1000.);
#509=VECTOR('',#1954,1000.);
#510=VECTOR('',#1957,1000.);
#511=VECTOR('',#1958,1000.);
#512=VECTOR('',#1959,1000.);
#513=VECTOR('',#1960,1000.);
#514=VECTOR('',#1961,1000.);
#515=VECTOR('',#1962,1000.);
#516=VECTOR('',#1965,1000.);
#517=VECTOR('',#1966,1000.);
#518=VECTOR('',#1969,1000.);
#519=VECTOR('',#1970,1000.);
#520=VECTOR('',#1971,1000.);
#521=VECTOR('',#1972,1000.);
#522=VECTOR('',#1973,1000.);
#523=VECTOR('',#1974,1000.);
#524=VECTOR('',#1975,1000.);
#525=VECTOR('',#1978,1000.);
#526=VECTOR('',#1979,1000.);
#527=VECTOR('',#1980,1000.);
#528=VECTOR('',#1981,1000.);
#529=VECTOR('',#1982,1000.);
#530=VECTOR('',#1983,1000.);
#531=VECTOR('',#1984,1000.);
#532=VECTOR('',#1985,1000.);
#533=VECTOR('',#1986,1000.);
#534=VECTOR('',#1987,1000.);
#535=VECTOR('',#1988,1000.);
#536=VECTOR('',#1989,1000.);
#537=VECTOR('',#1992,1000.);
#538=VECTOR('',#1995,1000.);
#539=VECTOR('',#1996,1000.);
#540=VECTOR('',#1997,1000.);
#541=VECTOR('',#1998,1000.);
#542=VECTOR('',#2001,1000.);
#543=VECTOR('',#2002,1000.);
#544=VECTOR('',#2003,1000.);
#545=VECTOR('',#2004,1000.);
#546=VECTOR('',#2005,1000.);
#547=VECTOR('',#2006,1000.);
#548=VECTOR('',#2007,1000.);
#549=VECTOR('',#2008,1000.);
#550=VECTOR('',#2009,1000.);
#551=VECTOR('',#2012,1000.);
#552=VECTOR('',#2015,1000.);
#553=VECTOR('',#2020,1000.);
#554=VECTOR('',#2021,1000.);
#555=VECTOR('',#2024,1000.);
#556=VECTOR('',#2027,1000.);
#557=VECTOR('',#2030,1000.);
#558=VECTOR('',#2033,1000.);
#559=VECTOR('',#2036,1000.);
#560=VECTOR('',#2039,1000.);
#561=VECTOR('',#2044,1000.);
#562=VECTOR('',#2045,1000.);
#563=VECTOR('',#2046,1000.);
#564=VECTOR('',#2049,1000.);
#565=VECTOR('',#2050,1000.);
#566=VECTOR('',#2053,1000.);
#567=VECTOR('',#2054,1000.);
#568=VECTOR('',#2057,1000.);
#569=VECTOR('',#2062,1000.);
#570=VECTOR('',#2067,1000.);
#571=VECTOR('',#2072,1000.);
#572=VECTOR('',#2073,1000.);
#573=VECTOR('',#2074,1000.);
#574=VECTOR('',#2077,1000.);
#575=VECTOR('',#2080,1000.);
#576=VECTOR('',#2081,1000.);
#577=VECTOR('',#2084,1000.);
#578=VECTOR('',#2087,1000.);
#579=VECTOR('',#2090,1000.);
#580=VECTOR('',#2091,1000.);
#581=VECTOR('',#2094,1000.);
#582=VECTOR('',#2097,1000.);
#583=VECTOR('',#2100,1000.);
#584=VECTOR('',#2103,1000.);
#585=VECTOR('',#2106,1000.);
#586=VECTOR('',#2107,1000.);
#587=VECTOR('',#2108,1000.);
#588=VECTOR('',#2111,1000.);
#589=VECTOR('',#2114,1000.);
#590=VECTOR('',#2115,1000.);
#591=VECTOR('',#2118,1000.);
#592=VECTOR('',#2119,1000.);
#593=VECTOR('',#2124,1000.);
#594=VECTOR('',#2127,1000.);
#595=VECTOR('',#2128,1000.);
#596=VECTOR('',#2129,1000.);
#597=VECTOR('',#2132,1000.);
#598=VECTOR('',#2133,1000.);
#599=VECTOR('',#2136,1000.);
#600=VECTOR('',#2137,1000.);
#601=VECTOR('',#2140,1000.);
#602=VECTOR('',#2141,1000.);
#603=VECTOR('',#2144,1000.);
#604=VECTOR('',#2145,1000.);
#605=VECTOR('',#2146,1000.);
#606=VECTOR('',#2149,1000.);
#607=VECTOR('',#2152,1000.);
#608=VECTOR('',#2153,1000.);
#609=VECTOR('',#2156,1000.);
#610=VECTOR('',#2159,1000.);
#611=VECTOR('',#2162,1000.);
#612=VECTOR('',#2163,1000.);
#613=VECTOR('',#2166,1000.);
#614=VECTOR('',#2169,1000.);
#615=VECTOR('',#2172,1000.);
#616=VECTOR('',#2175,1000.);
#617=VECTOR('',#2178,1000.);
#618=VECTOR('',#2179,1000.);
#619=VECTOR('',#2180,1000.);
#620=VECTOR('',#2185,1000.);
#621=VECTOR('',#2188,1000.);
#622=VECTOR('',#2189,1000.);
#623=VECTOR('',#2190,1000.);
#624=VECTOR('',#2193,1000.);
#625=VECTOR('',#2194,1000.);
#626=VECTOR('',#2197,1000.);
#627=VECTOR('',#2200,1000.);
#628=VECTOR('',#2205,1000.);
#629=VECTOR('',#2208,1000.);
#630=VECTOR('',#2209,1000.);
#631=VECTOR('',#2210,1000.);
#632=VECTOR('',#2213,1000.);
#633=VECTOR('',#2214,1000.);
#634=VECTOR('',#2217,1000.);
#635=VECTOR('',#2218,1000.);
#636=VECTOR('',#2221,1000.);
#637=VECTOR('',#2222,1000.);
#638=VECTOR('',#2227,1000.);
#639=VECTOR('',#2228,1000.);
#640=VECTOR('',#2245,1000.);
#641=VECTOR('',#2252,1000.);
#642=VECTOR('',#2255,1000.);
#643=VECTOR('',#2258,1000.);
#644=VERTEX_POINT('',#2277);
#645=VERTEX_POINT('',#2278);
#646=VERTEX_POINT('',#2280);
#647=VERTEX_POINT('',#2282);
#648=VERTEX_POINT('',#2284);
#649=VERTEX_POINT('',#2286);
#650=VERTEX_POINT('',#2290);
#651=VERTEX_POINT('',#2291);
#652=VERTEX_POINT('',#2293);
#653=VERTEX_POINT('',#2295);
#654=VERTEX_POINT('',#2299);
#655=VERTEX_POINT('',#2300);
#656=VERTEX_POINT('',#2302);
#657=VERTEX_POINT('',#2304);
#658=VERTEX_POINT('',#2306);
#659=VERTEX_POINT('',#2308);
#660=VERTEX_POINT('',#2312);
#661=VERTEX_POINT('',#2313);
#662=VERTEX_POINT('',#2315);
#663=VERTEX_POINT('',#2317);
#664=VERTEX_POINT('',#2319);
#665=VERTEX_POINT('',#2321);
#666=VERTEX_POINT('',#2323);
#667=VERTEX_POINT('',#2325);
#668=VERTEX_POINT('',#2328);
#669=VERTEX_POINT('',#2329);
#670=VERTEX_POINT('',#2331);
#671=VERTEX_POINT('',#2333);
#672=VERTEX_POINT('',#2336);
#673=VERTEX_POINT('',#2338);
#674=VERTEX_POINT('',#2341);
#675=VERTEX_POINT('',#2342);
#676=VERTEX_POINT('',#2344);
#677=VERTEX_POINT('',#2346);
#678=VERTEX_POINT('',#2349);
#679=VERTEX_POINT('',#2350);
#680=VERTEX_POINT('',#2352);
#681=VERTEX_POINT('',#2354);
#682=VERTEX_POINT('',#2358);
#683=VERTEX_POINT('',#2359);
#684=VERTEX_POINT('',#2361);
#685=VERTEX_POINT('',#2363);
#686=VERTEX_POINT('',#2365);
#687=VERTEX_POINT('',#2367);
#688=VERTEX_POINT('',#2369);
#689=VERTEX_POINT('',#2371);
#690=VERTEX_POINT('',#2375);
#691=VERTEX_POINT('',#2376);
#692=VERTEX_POINT('',#2378);
#693=VERTEX_POINT('',#2380);
#694=VERTEX_POINT('',#2382);
#695=VERTEX_POINT('',#2384);
#696=VERTEX_POINT('',#2386);
#697=VERTEX_POINT('',#2388);
#698=VERTEX_POINT('',#2392);
#699=VERTEX_POINT('',#2394);
#700=VERTEX_POINT('',#2397);
#701=VERTEX_POINT('',#2399);
#702=VERTEX_POINT('',#2402);
#703=VERTEX_POINT('',#2404);
#704=VERTEX_POINT('',#2406);
#705=VERTEX_POINT('',#2408);
#706=VERTEX_POINT('',#2410);
#707=VERTEX_POINT('',#2412);
#708=VERTEX_POINT('',#2414);
#709=VERTEX_POINT('',#2416);
#710=VERTEX_POINT('',#2418);
#711=VERTEX_POINT('',#2420);
#712=VERTEX_POINT('',#2424);
#713=VERTEX_POINT('',#2429);
#714=VERTEX_POINT('',#2430);
#715=VERTEX_POINT('',#2433);
#716=VERTEX_POINT('',#2435);
#717=VERTEX_POINT('',#2437);
#718=VERTEX_POINT('',#2448);
#719=VERTEX_POINT('',#2450);
#720=VERTEX_POINT('',#2454);
#721=VERTEX_POINT('',#2455);
#722=VERTEX_POINT('',#2457);
#723=VERTEX_POINT('',#2459);
#724=VERTEX_POINT('',#2461);
#725=VERTEX_POINT('',#2463);
#726=VERTEX_POINT('',#2465);
#727=VERTEX_POINT('',#2467);
#728=VERTEX_POINT('',#2470);
#729=VERTEX_POINT('',#2471);
#730=VERTEX_POINT('',#2473);
#731=VERTEX_POINT('',#2475);
#732=VERTEX_POINT('',#2481);
#733=VERTEX_POINT('',#2483);
#734=VERTEX_POINT('',#2489);
#735=VERTEX_POINT('',#2490);
#736=VERTEX_POINT('',#2492);
#737=VERTEX_POINT('',#2494);
#738=VERTEX_POINT('',#2496);
#739=VERTEX_POINT('',#2498);
#740=VERTEX_POINT('',#2500);
#741=VERTEX_POINT('',#2502);
#742=VERTEX_POINT('',#2527);
#743=VERTEX_POINT('',#2529);
#744=VERTEX_POINT('',#2533);
#745=VERTEX_POINT('',#2537);
#746=VERTEX_POINT('',#2550);
#747=VERTEX_POINT('',#2552);
#748=VERTEX_POINT('',#2556);
#749=VERTEX_POINT('',#2558);
#750=VERTEX_POINT('',#2561);
#751=VERTEX_POINT('',#2563);
#752=VERTEX_POINT('',#2567);
#753=VERTEX_POINT('',#2569);
#754=VERTEX_POINT('',#2572);
#755=VERTEX_POINT('',#2574);
#756=VERTEX_POINT('',#2584);
#757=VERTEX_POINT('',#2586);
#758=VERTEX_POINT('',#2590);
#759=VERTEX_POINT('',#2592);
#760=VERTEX_POINT('',#2597);
#761=VERTEX_POINT('',#2601);
#762=VERTEX_POINT('',#2602);
#763=VERTEX_POINT('',#2604);
#764=VERTEX_POINT('',#2606);
#765=VERTEX_POINT('',#2608);
#766=VERTEX_POINT('',#2610);
#767=VERTEX_POINT('',#2617);
#768=VERTEX_POINT('',#2621);
#769=VERTEX_POINT('',#2625);
#770=VERTEX_POINT('',#2627);
#771=VERTEX_POINT('',#2631);
#772=VERTEX_POINT('',#2633);
#773=VERTEX_POINT('',#2636);
#774=VERTEX_POINT('',#2638);
#775=VERTEX_POINT('',#2642);
#776=VERTEX_POINT('',#2644);
#777=VERTEX_POINT('',#2647);
#778=VERTEX_POINT('',#2649);
#779=VERTEX_POINT('',#2659);
#780=VERTEX_POINT('',#2661);
#781=VERTEX_POINT('',#2665);
#782=VERTEX_POINT('',#2666);
#783=VERTEX_POINT('',#2668);
#784=VERTEX_POINT('',#2670);
#785=VERTEX_POINT('',#2672);
#786=VERTEX_POINT('',#2674);
#787=VERTEX_POINT('',#2678);
#788=VERTEX_POINT('',#2682);
#789=VERTEX_POINT('',#2687);
#790=VERTEX_POINT('',#2688);
#791=VERTEX_POINT('',#2690);
#792=VERTEX_POINT('',#2692);
#793=VERTEX_POINT('',#2694);
#794=VERTEX_POINT('',#2696);
#795=VERTEX_POINT('',#2703);
#796=EDGE_CURVE('',#644,#645,#234,.T.);
#797=EDGE_CURVE('',#644,#646,#235,.T.);
#798=EDGE_CURVE('',#646,#647,#236,.T.);
#799=EDGE_CURVE('',#647,#648,#237,.T.);
#800=EDGE_CURVE('',#648,#649,#238,.T.);
#801=EDGE_CURVE('',#645,#649,#239,.T.);
#802=EDGE_CURVE('',#650,#651,#240,.T.);
#803=EDGE_CURVE('',#651,#652,#241,.T.);
#804=EDGE_CURVE('',#652,#653,#242,.T.);
#805=EDGE_CURVE('',#653,#650,#243,.T.);
#806=EDGE_CURVE('',#654,#655,#40,.T.);
#807=EDGE_CURVE('',#655,#656,#244,.T.);
#808=EDGE_CURVE('',#656,#657,#41,.T.);
#809=EDGE_CURVE('',#658,#657,#245,.T.);
#810=EDGE_CURVE('',#659,#658,#246,.T.);
#811=EDGE_CURVE('',#659,#654,#247,.T.);
#812=EDGE_CURVE('',#660,#661,#248,.T.);
#813=EDGE_CURVE('',#662,#660,#249,.T.);
#814=EDGE_CURVE('',#662,#663,#250,.T.);
#815=EDGE_CURVE('',#663,#664,#251,.T.);
#816=EDGE_CURVE('',#664,#665,#252,.T.);
#817=EDGE_CURVE('',#665,#666,#253,.T.);
#818=EDGE_CURVE('',#667,#666,#254,.T.);
#819=EDGE_CURVE('',#661,#667,#255,.T.);
#820=EDGE_CURVE('',#668,#669,#256,.T.);
#821=EDGE_CURVE('',#668,#670,#257,.T.);
#822=EDGE_CURVE('',#670,#671,#258,.T.);
#823=EDGE_CURVE('',#671,#669,#259,.T.);
#824=EDGE_CURVE('',#653,#672,#260,.T.);
#825=EDGE_CURVE('',#672,#673,#261,.T.);
#826=EDGE_CURVE('',#673,#650,#262,.T.);
#827=EDGE_CURVE('',#674,#675,#263,.T.);
#828=EDGE_CURVE('',#675,#676,#264,.T.);
#829=EDGE_CURVE('',#676,#677,#265,.T.);
#830=EDGE_CURVE('',#674,#677,#266,.T.);
#831=EDGE_CURVE('',#678,#679,#267,.T.);
#832=EDGE_CURVE('',#679,#680,#268,.T.);
#833=EDGE_CURVE('',#680,#681,#269,.T.);
#834=EDGE_CURVE('',#678,#681,#270,.T.);
#835=EDGE_CURVE('',#682,#683,#271,.T.);
#836=EDGE_CURVE('',#683,#684,#272,.T.);
#837=EDGE_CURVE('',#685,#684,#273,.T.);
#838=EDGE_CURVE('',#685,#686,#274,.T.);
#839=EDGE_CURVE('',#686,#687,#275,.T.);
#840=EDGE_CURVE('',#687,#688,#276,.T.);
#841=EDGE_CURVE('',#688,#689,#277,.T.);
#842=EDGE_CURVE('',#689,#682,#42,.T.);
#843=EDGE_CURVE('',#690,#691,#278,.T.);
#844=EDGE_CURVE('',#691,#692,#279,.T.);
#845=EDGE_CURVE('',#692,#693,#280,.T.);
#846=EDGE_CURVE('',#693,#694,#43,.T.);
#847=EDGE_CURVE('',#694,#695,#281,.T.);
#848=EDGE_CURVE('',#695,#696,#282,.T.);
#849=EDGE_CURVE('',#696,#697,#283,.T.);
#850=EDGE_CURVE('',#697,#690,#284,.T.);
#851=EDGE_CURVE('',#695,#698,#285,.T.);
#852=EDGE_CURVE('',#699,#698,#286,.T.);
#853=EDGE_CURVE('',#666,#699,#287,.T.);
#854=EDGE_CURVE('',#700,#665,#288,.T.);
#855=EDGE_CURVE('',#701,#700,#289,.T.);
#856=EDGE_CURVE('',#688,#701,#290,.T.);
#857=EDGE_CURVE('',#687,#702,#291,.T.);
#858=EDGE_CURVE('',#703,#702,#292,.T.);
#859=EDGE_CURVE('',#704,#703,#293,.T.);
#860=EDGE_CURVE('',#705,#704,#294,.T.);
#861=EDGE_CURVE('',#705,#706,#295,.T.);
#862=EDGE_CURVE('',#707,#706,#296,.T.);
#863=EDGE_CURVE('',#708,#707,#297,.T.);
#864=EDGE_CURVE('',#709,#708,#298,.T.);
#865=EDGE_CURVE('',#709,#710,#299,.T.);
#866=EDGE_CURVE('',#711,#710,#300,.T.);
#867=EDGE_CURVE('',#696,#711,#301,.T.);
#868=EDGE_CURVE('',#667,#712,#302,.T.);
#869=EDGE_CURVE('',#649,#666,#303,.T.);
#870=EDGE_CURVE('',#712,#649,#304,.T.);
#871=EDGE_CURVE('',#713,#714,#305,.T.);
#872=EDGE_CURVE('',#712,#713,#306,.T.);
#873=EDGE_CURVE('',#715,#648,#307,.T.);
#874=EDGE_CURVE('',#715,#716,#308,.T.);
#875=EDGE_CURVE('',#716,#717,#309,.T.);
#876=EDGE_CURVE('',#714,#717,#310,.T.);
#877=EDGE_CURVE('',#660,#714,#311,.T.);
#878=EDGE_CURVE('',#662,#717,#312,.T.);
#879=EDGE_CURVE('',#698,#711,#313,.T.);
#880=EDGE_CURVE('',#710,#707,#314,.T.);
#881=EDGE_CURVE('',#706,#703,#315,.T.);
#882=EDGE_CURVE('',#702,#701,#316,.T.);
#883=EDGE_CURVE('',#718,#700,#317,.T.);
#884=EDGE_CURVE('',#719,#718,#318,.T.);
#885=EDGE_CURVE('',#719,#699,#319,.T.);
#886=EDGE_CURVE('',#720,#721,#320,.T.);
#887=EDGE_CURVE('',#721,#722,#321,.T.);
#888=EDGE_CURVE('',#722,#723,#322,.T.);
#889=EDGE_CURVE('',#723,#724,#323,.T.);
#890=EDGE_CURVE('',#724,#725,#324,.T.);
#891=EDGE_CURVE('',#725,#726,#325,.T.);
#892=EDGE_CURVE('',#726,#727,#326,.T.);
#893=EDGE_CURVE('',#727,#720,#327,.T.);
#894=EDGE_CURVE('',#728,#729,#328,.T.);
#895=EDGE_CURVE('',#730,#728,#329,.T.);
#896=EDGE_CURVE('',#731,#730,#330,.T.);
#897=EDGE_CURVE('',#729,#731,#331,.T.);
#898=EDGE_CURVE('',#645,#719,#332,.T.);
#899=EDGE_CURVE('',#647,#732,#333,.T.);
#900=EDGE_CURVE('',#732,#733,#334,.T.);
#901=EDGE_CURVE('',#718,#733,#335,.T.);
#902=EDGE_CURVE('',#648,#665,#336,.T.);
#903=EDGE_CURVE('',#644,#733,#337,.T.);
#904=EDGE_CURVE('',#734,#735,#338,.T.);
#905=EDGE_CURVE('',#736,#734,#339,.T.);
#906=EDGE_CURVE('',#737,#736,#340,.T.);
#907=EDGE_CURVE('',#738,#737,#341,.T.);
#908=EDGE_CURVE('',#739,#738,#342,.T.);
#909=EDGE_CURVE('',#740,#739,#343,.T.);
#910=EDGE_CURVE('',#741,#740,#344,.T.);
#911=EDGE_CURVE('',#735,#741,#345,.T.);
#912=EDGE_CURVE('',#664,#715,#346,.T.);
#913=EDGE_CURVE('',#646,#732,#347,.T.);
#914=EDGE_CURVE('',#721,#735,#348,.T.);
#915=EDGE_CURVE('',#720,#734,#349,.T.);
#916=EDGE_CURVE('',#727,#736,#350,.T.);
#917=EDGE_CURVE('',#726,#737,#351,.T.);
#918=EDGE_CURVE('',#725,#738,#352,.T.);
#919=EDGE_CURVE('',#724,#739,#353,.T.);
#920=EDGE_CURVE('',#723,#740,#354,.T.);
#921=EDGE_CURVE('',#722,#741,#355,.T.);
#922=EDGE_CURVE('',#742,#729,#356,.T.);
#923=EDGE_CURVE('',#743,#742,#357,.T.);
#924=EDGE_CURVE('',#743,#728,#358,.T.);
#925=EDGE_CURVE('',#744,#731,#359,.T.);
#926=EDGE_CURVE('',#742,#744,#360,.T.);
#927=EDGE_CURVE('',#745,#730,#361,.T.);
#928=EDGE_CURVE('',#744,#745,#362,.T.);
#929=EDGE_CURVE('',#745,#743,#363,.T.);
#930=EDGE_CURVE('',#663,#716,#364,.T.);
#931=EDGE_CURVE('',#661,#713,#365,.T.);
#932=EDGE_CURVE('',#703,#746,#366,.T.);
#933=EDGE_CURVE('',#706,#747,#367,.T.);
#934=EDGE_CURVE('',#747,#746,#368,.T.);
#935=EDGE_CURVE('',#678,#748,#369,.T.);
#936=EDGE_CURVE('',#748,#749,#44,.T.);
#937=EDGE_CURVE('',#749,#747,#370,.T.);
#938=EDGE_CURVE('',#750,#705,#371,.T.);
#939=EDGE_CURVE('',#750,#751,#45,.T.);
#940=EDGE_CURVE('',#751,#679,#372,.T.);
#941=EDGE_CURVE('',#746,#752,#373,.T.);
#942=EDGE_CURVE('',#752,#753,#46,.T.);
#943=EDGE_CURVE('',#681,#753,#374,.T.);
#944=EDGE_CURVE('',#680,#754,#375,.T.);
#945=EDGE_CURVE('',#754,#755,#47,.T.);
#946=EDGE_CURVE('',#704,#755,#376,.T.);
#947=EDGE_CURVE('',#753,#748,#377,.T.);
#948=EDGE_CURVE('',#755,#750,#378,.T.);
#949=EDGE_CURVE('',#749,#752,#379,.T.);
#950=EDGE_CURVE('',#701,#756,#380,.T.);
#951=EDGE_CURVE('',#702,#757,#381,.T.);
#952=EDGE_CURVE('',#757,#756,#382,.T.);
#953=EDGE_CURVE('',#671,#758,#383,.T.);
#954=EDGE_CURVE('',#758,#759,#48,.T.);
#955=EDGE_CURVE('',#759,#757,#384,.T.);
#956=EDGE_CURVE('',#686,#669,#385,.T.);
#957=EDGE_CURVE('',#756,#760,#386,.T.);
#958=EDGE_CURVE('',#760,#689,#387,.T.);
#959=EDGE_CURVE('',#761,#762,#49,.T.);
#960=EDGE_CURVE('',#762,#763,#388,.T.);
#961=EDGE_CURVE('',#763,#764,#50,.T.);
#962=EDGE_CURVE('',#765,#764,#389,.T.);
#963=EDGE_CURVE('',#766,#765,#390,.T.);
#964=EDGE_CURVE('',#766,#761,#391,.T.);
#965=EDGE_CURVE('',#764,#654,#392,.T.);
#966=EDGE_CURVE('',#765,#659,#393,.T.);
#967=EDGE_CURVE('',#670,#767,#394,.T.);
#968=EDGE_CURVE('',#767,#758,#395,.T.);
#969=EDGE_CURVE('',#759,#768,#396,.T.);
#970=EDGE_CURVE('',#768,#760,#397,.T.);
#971=EDGE_CURVE('',#707,#769,#398,.T.);
#972=EDGE_CURVE('',#710,#770,#399,.T.);
#973=EDGE_CURVE('',#770,#769,#400,.T.);
#974=EDGE_CURVE('',#674,#771,#401,.T.);
#975=EDGE_CURVE('',#771,#772,#51,.T.);
#976=EDGE_CURVE('',#772,#770,#402,.T.);
#977=EDGE_CURVE('',#773,#709,#403,.T.);
#978=EDGE_CURVE('',#773,#774,#52,.T.);
#979=EDGE_CURVE('',#774,#675,#404,.T.);
#980=EDGE_CURVE('',#769,#775,#405,.T.);
#981=EDGE_CURVE('',#775,#776,#53,.T.);
#982=EDGE_CURVE('',#677,#776,#406,.T.);
#983=EDGE_CURVE('',#676,#777,#407,.T.);
#984=EDGE_CURVE('',#777,#778,#54,.T.);
#985=EDGE_CURVE('',#708,#778,#408,.T.);
#986=EDGE_CURVE('',#776,#771,#409,.T.);
#987=EDGE_CURVE('',#778,#773,#410,.T.);
#988=EDGE_CURVE('',#772,#775,#411,.T.);
#989=EDGE_CURVE('',#711,#779,#412,.T.);
#990=EDGE_CURVE('',#698,#780,#413,.T.);
#991=EDGE_CURVE('',#780,#779,#414,.T.);
#992=EDGE_CURVE('',#781,#782,#55,.T.);
#993=EDGE_CURVE('',#782,#783,#415,.T.);
#994=EDGE_CURVE('',#783,#784,#56,.T.);
#995=EDGE_CURVE('',#785,#784,#416,.T.);
#996=EDGE_CURVE('',#786,#785,#417,.T.);
#997=EDGE_CURVE('',#786,#781,#418,.T.);
#998=EDGE_CURVE('',#694,#787,#419,.T.);
#999=EDGE_CURVE('',#787,#780,#420,.T.);
#1000=EDGE_CURVE('',#779,#788,#421,.T.);
#1001=EDGE_CURVE('',#788,#651,#57,.T.);
#1002=EDGE_CURVE('',#673,#697,#422,.T.);
#1003=EDGE_CURVE('',#789,#790,#58,.T.);
#1004=EDGE_CURVE('',#790,#791,#423,.T.);
#1005=EDGE_CURVE('',#791,#792,#59,.T.);
#1006=EDGE_CURVE('',#793,#792,#424,.T.);
#1007=EDGE_CURVE('',#794,#793,#425,.T.);
#1008=EDGE_CURVE('',#794,#789,#426,.T.);
#1009=EDGE_CURVE('',#792,#781,#427,.T.);
#1010=EDGE_CURVE('',#793,#786,#428,.T.);
#1011=EDGE_CURVE('',#787,#795,#429,.T.);
#1012=EDGE_CURVE('',#795,#788,#430,.T.);
#1013=EDGE_CURVE('',#784,#789,#431,.T.);
#1014=EDGE_CURVE('',#785,#794,#432,.T.);
#1015=EDGE_CURVE('',#657,#761,#433,.T.);
#1016=EDGE_CURVE('',#658,#766,#434,.T.);
#1017=EDGE_CURVE('',#791,#795,#14,.T.);
#1018=EDGE_CURVE('',#787,#782,#15,.T.);
#1019=EDGE_CURVE('',#768,#655,#16,.T.);
#1020=EDGE_CURVE('',#763,#760,#17,.T.);
#1021=EDGE_CURVE('',#656,#683,#18,.T.);
#1022=EDGE_CURVE('',#682,#762,#19,.T.);
#1023=EDGE_CURVE('',#692,#790,#20,.T.);
#1024=EDGE_CURVE('',#783,#693,#21,.T.);
#1025=EDGE_CURVE('',#668,#685,#435,.T.);
#1026=EDGE_CURVE('',#684,#767,#60,.T.);
#1027=EDGE_CURVE('',#751,#754,#436,.T.);
#1028=EDGE_CURVE('',#774,#777,#437,.T.);
#1029=EDGE_CURVE('',#690,#672,#438,.T.);
#1030=EDGE_CURVE('',#652,#691,#61,.T.);
#1031=ORIENTED_EDGE('',*,*,#796,.F.);
#1032=ORIENTED_EDGE('',*,*,#797,.T.);
#1033=ORIENTED_EDGE('',*,*,#798,.T.);
#1034=ORIENTED_EDGE('',*,*,#799,.T.);
#1035=ORIENTED_EDGE('',*,*,#800,.T.);
#1036=ORIENTED_EDGE('',*,*,#801,.F.);
#1037=ORIENTED_EDGE('',*,*,#802,.T.);
#1038=ORIENTED_EDGE('',*,*,#803,.T.);
#1039=ORIENTED_EDGE('',*,*,#804,.T.);
#1040=ORIENTED_EDGE('',*,*,#805,.T.);
#1041=ORIENTED_EDGE('',*,*,#806,.T.);
#1042=ORIENTED_EDGE('',*,*,#807,.T.);
#1043=ORIENTED_EDGE('',*,*,#808,.T.);
#1044=ORIENTED_EDGE('',*,*,#809,.F.);
#1045=ORIENTED_EDGE('',*,*,#810,.F.);
#1046=ORIENTED_EDGE('',*,*,#811,.T.);
#1047=ORIENTED_EDGE('',*,*,#812,.F.);
#1048=ORIENTED_EDGE('',*,*,#813,.F.);
#1049=ORIENTED_EDGE('',*,*,#814,.T.);
#1050=ORIENTED_EDGE('',*,*,#815,.T.);
#1051=ORIENTED_EDGE('',*,*,#816,.T.);
#1052=ORIENTED_EDGE('',*,*,#817,.T.);
#1053=ORIENTED_EDGE('',*,*,#818,.F.);
#1054=ORIENTED_EDGE('',*,*,#819,.F.);
#1055=ORIENTED_EDGE('',*,*,#820,.F.);
#1056=ORIENTED_EDGE('',*,*,#821,.T.);
#1057=ORIENTED_EDGE('',*,*,#822,.T.);
#1058=ORIENTED_EDGE('',*,*,#823,.T.);
#1059=ORIENTED_EDGE('',*,*,#824,.T.);
#1060=ORIENTED_EDGE('',*,*,#825,.T.);
#1061=ORIENTED_EDGE('',*,*,#826,.T.);
#1062=ORIENTED_EDGE('',*,*,#805,.F.);
#1063=ORIENTED_EDGE('',*,*,#827,.T.);
#1064=ORIENTED_EDGE('',*,*,#828,.T.);
#1065=ORIENTED_EDGE('',*,*,#829,.T.);
#1066=ORIENTED_EDGE('',*,*,#830,.F.);
#1067=ORIENTED_EDGE('',*,*,#831,.T.);
#1068=ORIENTED_EDGE('',*,*,#832,.T.);
#1069=ORIENTED_EDGE('',*,*,#833,.T.);
#1070=ORIENTED_EDGE('',*,*,#834,.F.);
#1071=ORIENTED_EDGE('',*,*,#835,.T.);
#1072=ORIENTED_EDGE('',*,*,#836,.T.);
#1073=ORIENTED_EDGE('',*,*,#837,.F.);
#1074=ORIENTED_EDGE('',*,*,#838,.T.);
#1075=ORIENTED_EDGE('',*,*,#839,.T.);
#1076=ORIENTED_EDGE('',*,*,#840,.T.);
#1077=ORIENTED_EDGE('',*,*,#841,.T.);
#1078=ORIENTED_EDGE('',*,*,#842,.T.);
#1079=ORIENTED_EDGE('',*,*,#843,.T.);
#1080=ORIENTED_EDGE('',*,*,#844,.T.);
#1081=ORIENTED_EDGE('',*,*,#845,.T.);
#1082=ORIENTED_EDGE('',*,*,#846,.T.);
#1083=ORIENTED_EDGE('',*,*,#847,.T.);
#1084=ORIENTED_EDGE('',*,*,#848,.T.);
#1085=ORIENTED_EDGE('',*,*,#849,.T.);
#1086=ORIENTED_EDGE('',*,*,#850,.T.);
#1087=ORIENTED_EDGE('',*,*,#851,.T.);
#1088=ORIENTED_EDGE('',*,*,#852,.F.);
#1089=ORIENTED_EDGE('',*,*,#853,.F.);
#1090=ORIENTED_EDGE('',*,*,#817,.F.);
#1091=ORIENTED_EDGE('',*,*,#854,.F.);
#1092=ORIENTED_EDGE('',*,*,#855,.F.);
#1093=ORIENTED_EDGE('',*,*,#856,.F.);
#1094=ORIENTED_EDGE('',*,*,#840,.F.);
#1095=ORIENTED_EDGE('',*,*,#857,.T.);
#1096=ORIENTED_EDGE('',*,*,#858,.F.);
#1097=ORIENTED_EDGE('',*,*,#859,.F.);
#1098=ORIENTED_EDGE('',*,*,#860,.F.);
#1099=ORIENTED_EDGE('',*,*,#861,.T.);
#1100=ORIENTED_EDGE('',*,*,#862,.F.);
#1101=ORIENTED_EDGE('',*,*,#863,.F.);
#1102=ORIENTED_EDGE('',*,*,#864,.F.);
#1103=ORIENTED_EDGE('',*,*,#865,.T.);
#1104=ORIENTED_EDGE('',*,*,#866,.F.);
#1105=ORIENTED_EDGE('',*,*,#867,.F.);
#1106=ORIENTED_EDGE('',*,*,#848,.F.);
#1107=ORIENTED_EDGE('',*,*,#868,.F.);
#1108=ORIENTED_EDGE('',*,*,#818,.T.);
#1109=ORIENTED_EDGE('',*,*,#869,.F.);
#1110=ORIENTED_EDGE('',*,*,#870,.F.);
#1111=ORIENTED_EDGE('',*,*,#871,.F.);
#1112=ORIENTED_EDGE('',*,*,#872,.F.);
#1113=ORIENTED_EDGE('',*,*,#870,.T.);
#1114=ORIENTED_EDGE('',*,*,#800,.F.);
#1115=ORIENTED_EDGE('',*,*,#873,.F.);
#1116=ORIENTED_EDGE('',*,*,#874,.T.);
#1117=ORIENTED_EDGE('',*,*,#875,.T.);
#1118=ORIENTED_EDGE('',*,*,#876,.F.);
#1119=ORIENTED_EDGE('',*,*,#813,.T.);
#1120=ORIENTED_EDGE('',*,*,#877,.T.);
#1121=ORIENTED_EDGE('',*,*,#876,.T.);
#1122=ORIENTED_EDGE('',*,*,#878,.F.);
#1123=ORIENTED_EDGE('',*,*,#852,.T.);
#1124=ORIENTED_EDGE('',*,*,#879,.T.);
#1125=ORIENTED_EDGE('',*,*,#866,.T.);
#1126=ORIENTED_EDGE('',*,*,#880,.T.);
#1127=ORIENTED_EDGE('',*,*,#862,.T.);
#1128=ORIENTED_EDGE('',*,*,#881,.T.);
#1129=ORIENTED_EDGE('',*,*,#858,.T.);
#1130=ORIENTED_EDGE('',*,*,#882,.T.);
#1131=ORIENTED_EDGE('',*,*,#855,.T.);
#1132=ORIENTED_EDGE('',*,*,#883,.F.);
#1133=ORIENTED_EDGE('',*,*,#884,.F.);
#1134=ORIENTED_EDGE('',*,*,#885,.T.);
#1135=ORIENTED_EDGE('',*,*,#886,.T.);
#1136=ORIENTED_EDGE('',*,*,#887,.T.);
#1137=ORIENTED_EDGE('',*,*,#888,.T.);
#1138=ORIENTED_EDGE('',*,*,#889,.T.);
#1139=ORIENTED_EDGE('',*,*,#890,.T.);
#1140=ORIENTED_EDGE('',*,*,#891,.T.);
#1141=ORIENTED_EDGE('',*,*,#892,.T.);
#1142=ORIENTED_EDGE('',*,*,#893,.T.);
#1143=ORIENTED_EDGE('',*,*,#894,.F.);
#1144=ORIENTED_EDGE('',*,*,#895,.F.);
#1145=ORIENTED_EDGE('',*,*,#896,.F.);
#1146=ORIENTED_EDGE('',*,*,#897,.F.);
#1147=ORIENTED_EDGE('',*,*,#869,.T.);
#1148=ORIENTED_EDGE('',*,*,#853,.T.);
#1149=ORIENTED_EDGE('',*,*,#885,.F.);
#1150=ORIENTED_EDGE('',*,*,#898,.F.);
#1151=ORIENTED_EDGE('',*,*,#801,.T.);
#1152=ORIENTED_EDGE('',*,*,#899,.T.);
#1153=ORIENTED_EDGE('',*,*,#900,.T.);
#1154=ORIENTED_EDGE('',*,*,#901,.F.);
#1155=ORIENTED_EDGE('',*,*,#883,.T.);
#1156=ORIENTED_EDGE('',*,*,#854,.T.);
#1157=ORIENTED_EDGE('',*,*,#902,.F.);
#1158=ORIENTED_EDGE('',*,*,#799,.F.);
#1159=ORIENTED_EDGE('',*,*,#903,.F.);
#1160=ORIENTED_EDGE('',*,*,#796,.T.);
#1161=ORIENTED_EDGE('',*,*,#898,.T.);
#1162=ORIENTED_EDGE('',*,*,#884,.T.);
#1163=ORIENTED_EDGE('',*,*,#901,.T.);
#1164=ORIENTED_EDGE('',*,*,#904,.F.);
#1165=ORIENTED_EDGE('',*,*,#905,.F.);
#1166=ORIENTED_EDGE('',*,*,#906,.F.);
#1167=ORIENTED_EDGE('',*,*,#907,.F.);
#1168=ORIENTED_EDGE('',*,*,#908,.F.);
#1169=ORIENTED_EDGE('',*,*,#909,.F.);
#1170=ORIENTED_EDGE('',*,*,#910,.F.);
#1171=ORIENTED_EDGE('',*,*,#911,.F.);
#1172=ORIENTED_EDGE('',*,*,#816,.F.);
#1173=ORIENTED_EDGE('',*,*,#912,.T.);
#1174=ORIENTED_EDGE('',*,*,#873,.T.);
#1175=ORIENTED_EDGE('',*,*,#902,.T.);
#1176=ORIENTED_EDGE('',*,*,#798,.F.);
#1177=ORIENTED_EDGE('',*,*,#913,.T.);
#1178=ORIENTED_EDGE('',*,*,#899,.F.);
#1179=ORIENTED_EDGE('',*,*,#913,.F.);
#1180=ORIENTED_EDGE('',*,*,#797,.F.);
#1181=ORIENTED_EDGE('',*,*,#903,.T.);
#1182=ORIENTED_EDGE('',*,*,#900,.F.);
#1183=ORIENTED_EDGE('',*,*,#904,.T.);
#1184=ORIENTED_EDGE('',*,*,#914,.F.);
#1185=ORIENTED_EDGE('',*,*,#886,.F.);
#1186=ORIENTED_EDGE('',*,*,#915,.T.);
#1187=ORIENTED_EDGE('',*,*,#905,.T.);
#1188=ORIENTED_EDGE('',*,*,#915,.F.);
#1189=ORIENTED_EDGE('',*,*,#893,.F.);
#1190=ORIENTED_EDGE('',*,*,#916,.T.);
#1191=ORIENTED_EDGE('',*,*,#906,.T.);
#1192=ORIENTED_EDGE('',*,*,#916,.F.);
#1193=ORIENTED_EDGE('',*,*,#892,.F.);
#1194=ORIENTED_EDGE('',*,*,#917,.T.);
#1195=ORIENTED_EDGE('',*,*,#907,.T.);
#1196=ORIENTED_EDGE('',*,*,#917,.F.);
#1197=ORIENTED_EDGE('',*,*,#891,.F.);
#1198=ORIENTED_EDGE('',*,*,#918,.T.);
#1199=ORIENTED_EDGE('',*,*,#908,.T.);
#1200=ORIENTED_EDGE('',*,*,#918,.F.);
#1201=ORIENTED_EDGE('',*,*,#890,.F.);
#1202=ORIENTED_EDGE('',*,*,#919,.T.);
#1203=ORIENTED_EDGE('',*,*,#909,.T.);
#1204=ORIENTED_EDGE('',*,*,#919,.F.);
#1205=ORIENTED_EDGE('',*,*,#889,.F.);
#1206=ORIENTED_EDGE('',*,*,#920,.T.);
#1207=ORIENTED_EDGE('',*,*,#910,.T.);
#1208=ORIENTED_EDGE('',*,*,#920,.F.);
#1209=ORIENTED_EDGE('',*,*,#888,.F.);
#1210=ORIENTED_EDGE('',*,*,#921,.T.);
#1211=ORIENTED_EDGE('',*,*,#911,.T.);
#1212=ORIENTED_EDGE('',*,*,#921,.F.);
#1213=ORIENTED_EDGE('',*,*,#887,.F.);
#1214=ORIENTED_EDGE('',*,*,#914,.T.);
#1215=ORIENTED_EDGE('',*,*,#894,.T.);
#1216=ORIENTED_EDGE('',*,*,#922,.F.);
#1217=ORIENTED_EDGE('',*,*,#923,.F.);
#1218=ORIENTED_EDGE('',*,*,#924,.T.);
#1219=ORIENTED_EDGE('',*,*,#897,.T.);
#1220=ORIENTED_EDGE('',*,*,#925,.F.);
#1221=ORIENTED_EDGE('',*,*,#926,.F.);
#1222=ORIENTED_EDGE('',*,*,#922,.T.);
#1223=ORIENTED_EDGE('',*,*,#896,.T.);
#1224=ORIENTED_EDGE('',*,*,#927,.F.);
#1225=ORIENTED_EDGE('',*,*,#928,.F.);
#1226=ORIENTED_EDGE('',*,*,#925,.T.);
#1227=ORIENTED_EDGE('',*,*,#895,.T.);
#1228=ORIENTED_EDGE('',*,*,#924,.F.);
#1229=ORIENTED_EDGE('',*,*,#929,.F.);
#1230=ORIENTED_EDGE('',*,*,#927,.T.);
#1231=ORIENTED_EDGE('',*,*,#923,.T.);
#1232=ORIENTED_EDGE('',*,*,#926,.T.);
#1233=ORIENTED_EDGE('',*,*,#928,.T.);
#1234=ORIENTED_EDGE('',*,*,#929,.T.);
#1235=ORIENTED_EDGE('',*,*,#930,.T.);
#1236=ORIENTED_EDGE('',*,*,#874,.F.);
#1237=ORIENTED_EDGE('',*,*,#912,.F.);
#1238=ORIENTED_EDGE('',*,*,#815,.F.);
#1239=ORIENTED_EDGE('',*,*,#878,.T.);
#1240=ORIENTED_EDGE('',*,*,#875,.F.);
#1241=ORIENTED_EDGE('',*,*,#930,.F.);
#1242=ORIENTED_EDGE('',*,*,#814,.F.);
#1243=ORIENTED_EDGE('',*,*,#819,.T.);
#1244=ORIENTED_EDGE('',*,*,#868,.T.);
#1245=ORIENTED_EDGE('',*,*,#872,.T.);
#1246=ORIENTED_EDGE('',*,*,#931,.F.);
#1247=ORIENTED_EDGE('',*,*,#812,.T.);
#1248=ORIENTED_EDGE('',*,*,#931,.T.);
#1249=ORIENTED_EDGE('',*,*,#871,.T.);
#1250=ORIENTED_EDGE('',*,*,#877,.F.);
#1251=ORIENTED_EDGE('',*,*,#932,.F.);
#1252=ORIENTED_EDGE('',*,*,#881,.F.);
#1253=ORIENTED_EDGE('',*,*,#933,.T.);
#1254=ORIENTED_EDGE('',*,*,#934,.T.);
#1255=ORIENTED_EDGE('',*,*,#935,.T.);
#1256=ORIENTED_EDGE('',*,*,#936,.T.);
#1257=ORIENTED_EDGE('',*,*,#937,.T.);
#1258=ORIENTED_EDGE('',*,*,#933,.F.);
#1259=ORIENTED_EDGE('',*,*,#861,.F.);
#1260=ORIENTED_EDGE('',*,*,#938,.F.);
#1261=ORIENTED_EDGE('',*,*,#939,.T.);
#1262=ORIENTED_EDGE('',*,*,#940,.T.);
#1263=ORIENTED_EDGE('',*,*,#831,.F.);
#1264=ORIENTED_EDGE('',*,*,#941,.T.);
#1265=ORIENTED_EDGE('',*,*,#942,.T.);
#1266=ORIENTED_EDGE('',*,*,#943,.F.);
#1267=ORIENTED_EDGE('',*,*,#833,.F.);
#1268=ORIENTED_EDGE('',*,*,#944,.T.);
#1269=ORIENTED_EDGE('',*,*,#945,.T.);
#1270=ORIENTED_EDGE('',*,*,#946,.F.);
#1271=ORIENTED_EDGE('',*,*,#859,.T.);
#1272=ORIENTED_EDGE('',*,*,#932,.T.);
#1273=ORIENTED_EDGE('',*,*,#943,.T.);
#1274=ORIENTED_EDGE('',*,*,#947,.T.);
#1275=ORIENTED_EDGE('',*,*,#935,.F.);
#1276=ORIENTED_EDGE('',*,*,#834,.T.);
#1277=ORIENTED_EDGE('',*,*,#946,.T.);
#1278=ORIENTED_EDGE('',*,*,#948,.T.);
#1279=ORIENTED_EDGE('',*,*,#938,.T.);
#1280=ORIENTED_EDGE('',*,*,#860,.T.);
#1281=ORIENTED_EDGE('',*,*,#937,.F.);
#1282=ORIENTED_EDGE('',*,*,#949,.T.);
#1283=ORIENTED_EDGE('',*,*,#941,.F.);
#1284=ORIENTED_EDGE('',*,*,#934,.F.);
#1285=ORIENTED_EDGE('',*,*,#950,.F.);
#1286=ORIENTED_EDGE('',*,*,#882,.F.);
#1287=ORIENTED_EDGE('',*,*,#951,.T.);
#1288=ORIENTED_EDGE('',*,*,#952,.T.);
#1289=ORIENTED_EDGE('',*,*,#953,.T.);
#1290=ORIENTED_EDGE('',*,*,#954,.T.);
#1291=ORIENTED_EDGE('',*,*,#955,.T.);
#1292=ORIENTED_EDGE('',*,*,#951,.F.);
#1293=ORIENTED_EDGE('',*,*,#857,.F.);
#1294=ORIENTED_EDGE('',*,*,#839,.F.);
#1295=ORIENTED_EDGE('',*,*,#956,.T.);
#1296=ORIENTED_EDGE('',*,*,#823,.F.);
#1297=ORIENTED_EDGE('',*,*,#957,.T.);
#1298=ORIENTED_EDGE('',*,*,#958,.T.);
#1299=ORIENTED_EDGE('',*,*,#841,.F.);
#1300=ORIENTED_EDGE('',*,*,#856,.T.);
#1301=ORIENTED_EDGE('',*,*,#950,.T.);
#1302=ORIENTED_EDGE('',*,*,#959,.T.);
#1303=ORIENTED_EDGE('',*,*,#960,.T.);
#1304=ORIENTED_EDGE('',*,*,#961,.T.);
#1305=ORIENTED_EDGE('',*,*,#962,.F.);
#1306=ORIENTED_EDGE('',*,*,#963,.F.);
#1307=ORIENTED_EDGE('',*,*,#964,.T.);
#1308=ORIENTED_EDGE('',*,*,#962,.T.);
#1309=ORIENTED_EDGE('',*,*,#965,.T.);
#1310=ORIENTED_EDGE('',*,*,#811,.F.);
#1311=ORIENTED_EDGE('',*,*,#966,.F.);
#1312=ORIENTED_EDGE('',*,*,#967,.T.);
#1313=ORIENTED_EDGE('',*,*,#968,.T.);
#1314=ORIENTED_EDGE('',*,*,#953,.F.);
#1315=ORIENTED_EDGE('',*,*,#822,.F.);
#1316=ORIENTED_EDGE('',*,*,#955,.F.);
#1317=ORIENTED_EDGE('',*,*,#969,.T.);
#1318=ORIENTED_EDGE('',*,*,#970,.T.);
#1319=ORIENTED_EDGE('',*,*,#957,.F.);
#1320=ORIENTED_EDGE('',*,*,#952,.F.);
#1321=ORIENTED_EDGE('',*,*,#971,.F.);
#1322=ORIENTED_EDGE('',*,*,#880,.F.);
#1323=ORIENTED_EDGE('',*,*,#972,.T.);
#1324=ORIENTED_EDGE('',*,*,#973,.T.);
#1325=ORIENTED_EDGE('',*,*,#974,.T.);
#1326=ORIENTED_EDGE('',*,*,#975,.T.);
#1327=ORIENTED_EDGE('',*,*,#976,.T.);
#1328=ORIENTED_EDGE('',*,*,#972,.F.);
#1329=ORIENTED_EDGE('',*,*,#865,.F.);
#1330=ORIENTED_EDGE('',*,*,#977,.F.);
#1331=ORIENTED_EDGE('',*,*,#978,.T.);
#1332=ORIENTED_EDGE('',*,*,#979,.T.);
#1333=ORIENTED_EDGE('',*,*,#827,.F.);
#1334=ORIENTED_EDGE('',*,*,#980,.T.);
#1335=ORIENTED_EDGE('',*,*,#981,.T.);
#1336=ORIENTED_EDGE('',*,*,#982,.F.);
#1337=ORIENTED_EDGE('',*,*,#829,.F.);
#1338=ORIENTED_EDGE('',*,*,#983,.T.);
#1339=ORIENTED_EDGE('',*,*,#984,.T.);
#1340=ORIENTED_EDGE('',*,*,#985,.F.);
#1341=ORIENTED_EDGE('',*,*,#863,.T.);
#1342=ORIENTED_EDGE('',*,*,#971,.T.);
#1343=ORIENTED_EDGE('',*,*,#982,.T.);
#1344=ORIENTED_EDGE('',*,*,#986,.T.);
#1345=ORIENTED_EDGE('',*,*,#974,.F.);
#1346=ORIENTED_EDGE('',*,*,#830,.T.);
#1347=ORIENTED_EDGE('',*,*,#985,.T.);
#1348=ORIENTED_EDGE('',*,*,#987,.T.);
#1349=ORIENTED_EDGE('',*,*,#977,.T.);
#1350=ORIENTED_EDGE('',*,*,#864,.T.);
#1351=ORIENTED_EDGE('',*,*,#976,.F.);
#1352=ORIENTED_EDGE('',*,*,#988,.T.);
#1353=ORIENTED_EDGE('',*,*,#980,.F.);
#1354=ORIENTED_EDGE('',*,*,#973,.F.);
#1355=ORIENTED_EDGE('',*,*,#989,.F.);
#1356=ORIENTED_EDGE('',*,*,#879,.F.);
#1357=ORIENTED_EDGE('',*,*,#990,.T.);
#1358=ORIENTED_EDGE('',*,*,#991,.T.);
#1359=ORIENTED_EDGE('',*,*,#992,.T.);
#1360=ORIENTED_EDGE('',*,*,#993,.T.);
#1361=ORIENTED_EDGE('',*,*,#994,.T.);
#1362=ORIENTED_EDGE('',*,*,#995,.F.);
#1363=ORIENTED_EDGE('',*,*,#996,.F.);
#1364=ORIENTED_EDGE('',*,*,#997,.T.);
#1365=ORIENTED_EDGE('',*,*,#847,.F.);
#1366=ORIENTED_EDGE('',*,*,#998,.T.);
#1367=ORIENTED_EDGE('',*,*,#999,.T.);
#1368=ORIENTED_EDGE('',*,*,#990,.F.);
#1369=ORIENTED_EDGE('',*,*,#851,.F.);
#1370=ORIENTED_EDGE('',*,*,#1000,.T.);
#1371=ORIENTED_EDGE('',*,*,#1001,.T.);
#1372=ORIENTED_EDGE('',*,*,#802,.F.);
#1373=ORIENTED_EDGE('',*,*,#826,.F.);
#1374=ORIENTED_EDGE('',*,*,#1002,.T.);
#1375=ORIENTED_EDGE('',*,*,#849,.F.);
#1376=ORIENTED_EDGE('',*,*,#867,.T.);
#1377=ORIENTED_EDGE('',*,*,#989,.T.);
#1378=ORIENTED_EDGE('',*,*,#1003,.T.);
#1379=ORIENTED_EDGE('',*,*,#1004,.T.);
#1380=ORIENTED_EDGE('',*,*,#1005,.T.);
#1381=ORIENTED_EDGE('',*,*,#1006,.F.);
#1382=ORIENTED_EDGE('',*,*,#1007,.F.);
#1383=ORIENTED_EDGE('',*,*,#1008,.T.);
#1384=ORIENTED_EDGE('',*,*,#1006,.T.);
#1385=ORIENTED_EDGE('',*,*,#1009,.T.);
#1386=ORIENTED_EDGE('',*,*,#997,.F.);
#1387=ORIENTED_EDGE('',*,*,#1010,.F.);
#1388=ORIENTED_EDGE('',*,*,#1011,.T.);
#1389=ORIENTED_EDGE('',*,*,#1012,.T.);
#1390=ORIENTED_EDGE('',*,*,#1000,.F.);
#1391=ORIENTED_EDGE('',*,*,#991,.F.);
#1392=ORIENTED_EDGE('',*,*,#999,.F.);
#1393=ORIENTED_EDGE('',*,*,#995,.T.);
#1394=ORIENTED_EDGE('',*,*,#1013,.T.);
#1395=ORIENTED_EDGE('',*,*,#1008,.F.);
#1396=ORIENTED_EDGE('',*,*,#1014,.F.);
#1397=ORIENTED_EDGE('',*,*,#1010,.T.);
#1398=ORIENTED_EDGE('',*,*,#996,.T.);
#1399=ORIENTED_EDGE('',*,*,#1014,.T.);
#1400=ORIENTED_EDGE('',*,*,#1007,.T.);
#1401=ORIENTED_EDGE('',*,*,#809,.T.);
#1402=ORIENTED_EDGE('',*,*,#1015,.T.);
#1403=ORIENTED_EDGE('',*,*,#964,.F.);
#1404=ORIENTED_EDGE('',*,*,#1016,.F.);
#1405=ORIENTED_EDGE('',*,*,#966,.T.);
#1406=ORIENTED_EDGE('',*,*,#810,.T.);
#1407=ORIENTED_EDGE('',*,*,#1016,.T.);
#1408=ORIENTED_EDGE('',*,*,#963,.T.);
#1409=ORIENTED_EDGE('',*,*,#1005,.F.);
#1410=ORIENTED_EDGE('',*,*,#1017,.T.);
#1411=ORIENTED_EDGE('',*,*,#1011,.F.);
#1412=ORIENTED_EDGE('',*,*,#1018,.T.);
#1413=ORIENTED_EDGE('',*,*,#992,.F.);
#1414=ORIENTED_EDGE('',*,*,#1009,.F.);
#1415=ORIENTED_EDGE('',*,*,#970,.F.);
#1416=ORIENTED_EDGE('',*,*,#1019,.T.);
#1417=ORIENTED_EDGE('',*,*,#806,.F.);
#1418=ORIENTED_EDGE('',*,*,#965,.F.);
#1419=ORIENTED_EDGE('',*,*,#961,.F.);
#1420=ORIENTED_EDGE('',*,*,#1020,.T.);
#1421=ORIENTED_EDGE('',*,*,#808,.F.);
#1422=ORIENTED_EDGE('',*,*,#1021,.T.);
#1423=ORIENTED_EDGE('',*,*,#835,.F.);
#1424=ORIENTED_EDGE('',*,*,#1022,.T.);
#1425=ORIENTED_EDGE('',*,*,#959,.F.);
#1426=ORIENTED_EDGE('',*,*,#1015,.F.);
#1427=ORIENTED_EDGE('',*,*,#845,.F.);
#1428=ORIENTED_EDGE('',*,*,#1023,.T.);
#1429=ORIENTED_EDGE('',*,*,#1003,.F.);
#1430=ORIENTED_EDGE('',*,*,#1013,.F.);
#1431=ORIENTED_EDGE('',*,*,#994,.F.);
#1432=ORIENTED_EDGE('',*,*,#1024,.T.);
#1433=ORIENTED_EDGE('',*,*,#1024,.F.);
#1434=ORIENTED_EDGE('',*,*,#993,.F.);
#1435=ORIENTED_EDGE('',*,*,#1018,.F.);
#1436=ORIENTED_EDGE('',*,*,#998,.F.);
#1437=ORIENTED_EDGE('',*,*,#846,.F.);
#1438=ORIENTED_EDGE('',*,*,#842,.F.);
#1439=ORIENTED_EDGE('',*,*,#958,.F.);
#1440=ORIENTED_EDGE('',*,*,#1020,.F.);
#1441=ORIENTED_EDGE('',*,*,#960,.F.);
#1442=ORIENTED_EDGE('',*,*,#1022,.F.);
#1443=ORIENTED_EDGE('',*,*,#1025,.F.);
#1444=ORIENTED_EDGE('',*,*,#820,.T.);
#1445=ORIENTED_EDGE('',*,*,#956,.F.);
#1446=ORIENTED_EDGE('',*,*,#838,.F.);
#1447=ORIENTED_EDGE('',*,*,#837,.T.);
#1448=ORIENTED_EDGE('',*,*,#1026,.T.);
#1449=ORIENTED_EDGE('',*,*,#967,.F.);
#1450=ORIENTED_EDGE('',*,*,#821,.F.);
#1451=ORIENTED_EDGE('',*,*,#1025,.T.);
#1452=ORIENTED_EDGE('',*,*,#940,.F.);
#1453=ORIENTED_EDGE('',*,*,#1027,.T.);
#1454=ORIENTED_EDGE('',*,*,#944,.F.);
#1455=ORIENTED_EDGE('',*,*,#832,.F.);
#1456=ORIENTED_EDGE('',*,*,#979,.F.);
#1457=ORIENTED_EDGE('',*,*,#1028,.T.);
#1458=ORIENTED_EDGE('',*,*,#983,.F.);
#1459=ORIENTED_EDGE('',*,*,#828,.F.);
#1460=ORIENTED_EDGE('',*,*,#825,.F.);
#1461=ORIENTED_EDGE('',*,*,#1029,.F.);
#1462=ORIENTED_EDGE('',*,*,#850,.F.);
#1463=ORIENTED_EDGE('',*,*,#1002,.F.);
#1464=ORIENTED_EDGE('',*,*,#804,.F.);
#1465=ORIENTED_EDGE('',*,*,#1030,.T.);
#1466=ORIENTED_EDGE('',*,*,#843,.F.);
#1467=ORIENTED_EDGE('',*,*,#1029,.T.);
#1468=ORIENTED_EDGE('',*,*,#824,.F.);
#1469=ORIENTED_EDGE('',*,*,#981,.F.);
#1470=ORIENTED_EDGE('',*,*,#988,.F.);
#1471=ORIENTED_EDGE('',*,*,#975,.F.);
#1472=ORIENTED_EDGE('',*,*,#986,.F.);
#1473=ORIENTED_EDGE('',*,*,#942,.F.);
#1474=ORIENTED_EDGE('',*,*,#949,.F.);
#1475=ORIENTED_EDGE('',*,*,#936,.F.);
#1476=ORIENTED_EDGE('',*,*,#947,.F.);
#1477=ORIENTED_EDGE('',*,*,#945,.F.);
#1478=ORIENTED_EDGE('',*,*,#1027,.F.);
#1479=ORIENTED_EDGE('',*,*,#939,.F.);
#1480=ORIENTED_EDGE('',*,*,#948,.F.);
#1481=ORIENTED_EDGE('',*,*,#984,.F.);
#1482=ORIENTED_EDGE('',*,*,#1028,.F.);
#1483=ORIENTED_EDGE('',*,*,#978,.F.);
#1484=ORIENTED_EDGE('',*,*,#987,.F.);
#1485=ORIENTED_EDGE('',*,*,#1019,.F.);
#1486=ORIENTED_EDGE('',*,*,#969,.F.);
#1487=ORIENTED_EDGE('',*,*,#954,.F.);
#1488=ORIENTED_EDGE('',*,*,#968,.F.);
#1489=ORIENTED_EDGE('',*,*,#1026,.F.);
#1490=ORIENTED_EDGE('',*,*,#836,.F.);
#1491=ORIENTED_EDGE('',*,*,#1021,.F.);
#1492=ORIENTED_EDGE('',*,*,#807,.F.);
#1493=ORIENTED_EDGE('',*,*,#1001,.F.);
#1494=ORIENTED_EDGE('',*,*,#1012,.F.);
#1495=ORIENTED_EDGE('',*,*,#1017,.F.);
#1496=ORIENTED_EDGE('',*,*,#1004,.F.);
#1497=ORIENTED_EDGE('',*,*,#1023,.F.);
#1498=ORIENTED_EDGE('',*,*,#844,.F.);
#1499=ORIENTED_EDGE('',*,*,#1030,.F.);
#1500=ORIENTED_EDGE('',*,*,#803,.F.);
#1501=PLANE('',#1753);
#1502=PLANE('',#1754);
#1503=PLANE('',#1755);
#1504=PLANE('',#1758);
#1505=PLANE('',#1759);
#1506=PLANE('',#1761);
#1507=PLANE('',#1763);
#1508=PLANE('',#1764);
#1509=PLANE('',#1765);
#1510=PLANE('',#1766);
#1511=PLANE('',#1767);
#1512=PLANE('',#1768);
#1513=PLANE('',#1769);
#1514=PLANE('',#1770);
#1515=PLANE('',#1771);
#1516=PLANE('',#1772);
#1517=PLANE('',#1773);
#1518=PLANE('',#1774);
#1519=PLANE('',#1775);
#1520=PLANE('',#1776);
#1521=PLANE('',#1777);
#1522=PLANE('',#1778);
#1523=PLANE('',#1779);
#1524=PLANE('',#1780);
#1525=PLANE('',#1781);
#1526=PLANE('',#1782);
#1527=PLANE('',#1783);
#1528=PLANE('',#1784);
#1529=PLANE('',#1785);
#1530=PLANE('',#1786);
#1531=PLANE('',#1787);
#1532=PLANE('',#1788);
#1533=PLANE('',#1789);
#1534=PLANE('',#1790);
#1535=PLANE('',#1791);
#1536=PLANE('',#1792);
#1537=PLANE('',#1793);
#1538=PLANE('',#1796);
#1539=PLANE('',#1799);
#1540=PLANE('',#1800);
#1541=PLANE('',#1801);
#1542=PLANE('',#1802);
#1543=PLANE('',#1803);
#1544=PLANE('',#1805);
#1545=PLANE('',#1806);
#1546=PLANE('',#1809);
#1547=PLANE('',#1810);
#1548=PLANE('',#1811);
#1549=PLANE('',#1812);
#1550=PLANE('',#1813);
#1551=PLANE('',#1816);
#1552=PLANE('',#1819);
#1553=PLANE('',#1820);
#1554=PLANE('',#1821);
#1555=PLANE('',#1822);
#1556=PLANE('',#1823);
#1557=PLANE('',#1826);
#1558=PLANE('',#1827);
#1559=PLANE('',#1829);
#1560=PLANE('',#1832);
#1561=PLANE('',#1833);
#1562=PLANE('',#1834);
#1563=PLANE('',#1835);
#1564=PLANE('',#1836);
#1565=PLANE('',#1837);
#1566=PLANE('',#1844);
#1567=PLANE('',#1845);
#1568=PLANE('',#1847);
#1569=PLANE('',#1848);
#1570=PLANE('',#1849);
#1571=PLANE('',#1850);
#1572=STYLED_ITEM('',(#2839),#1656);
#1573=STYLED_ITEM('',(#2840),#1657);
#1574=STYLED_ITEM('',(#2840),#1658);
#1575=STYLED_ITEM('',(#2839),#1659);
#1576=STYLED_ITEM('',(#2840),#1660);
#1577=STYLED_ITEM('',(#2840),#1661);
#1578=STYLED_ITEM('',(#2839),#1662);
#1579=STYLED_ITEM('',(#2839),#1663);
#1580=STYLED_ITEM('',(#2839),#1664);
#1581=STYLED_ITEM('',(#2839),#1665);
#1582=STYLED_ITEM('',(#2839),#1666);
#1583=STYLED_ITEM('',(#2839),#1667);
#1584=STYLED_ITEM('',(#2839),#1668);
#1585=STYLED_ITEM('',(#2839),#1669);
#1586=STYLED_ITEM('',(#2839),#1670);
#1587=STYLED_ITEM('',(#2839),#1671);
#1588=STYLED_ITEM('',(#2839),#1672);
#1589=STYLED_ITEM('',(#2839),#1673);
#1590=STYLED_ITEM('',(#2839),#1674);
#1591=STYLED_ITEM('',(#2839),#1675);
#1592=STYLED_ITEM('',(#2839),#1676);
#1593=STYLED_ITEM('',(#2839),#1677);
#1594=STYLED_ITEM('',(#2839),#1678);
#1595=STYLED_ITEM('',(#2839),#1679);
#1596=STYLED_ITEM('',(#2839),#1680);
#1597=STYLED_ITEM('',(#2839),#1681);
#1598=STYLED_ITEM('',(#2841),#1682);
#1599=STYLED_ITEM('',(#2841),#1683);
#1600=STYLED_ITEM('',(#2841),#1684);
#1601=STYLED_ITEM('',(#2841),#1685);
#1602=STYLED_ITEM('',(#2841),#1686);
#1603=STYLED_ITEM('',(#2839),#1687);
#1604=STYLED_ITEM('',(#2839),#1688);
#1605=STYLED_ITEM('',(#2839),#1689);
#1606=STYLED_ITEM('',(#2839),#1690);
#1607=STYLED_ITEM('',(#2840),#1691);
#1608=STYLED_ITEM('',(#2840),#1692);
#1609=STYLED_ITEM('',(#2840),#1693);
#1610=STYLED_ITEM('',(#2840),#1694);
#1611=STYLED_ITEM('',(#2840),#1695);
#1612=STYLED_ITEM('',(#2840),#1696);
#1613=STYLED_ITEM('',(#2840),#1697);
#1614=STYLED_ITEM('',(#2840),#1698);
#1615=STYLED_ITEM('',(#2840),#1699);
#1616=STYLED_ITEM('',(#2840),#1700);
#1617=STYLED_ITEM('',(#2840),#1701);
#1618=STYLED_ITEM('',(#2840),#1702);
#1619=STYLED_ITEM('',(#2840),#1703);
#1620=STYLED_ITEM('',(#2840),#1704);
#1621=STYLED_ITEM('',(#2840),#1705);
#1622=STYLED_ITEM('',(#2840),#1706);
#1623=STYLED_ITEM('',(#2840),#1707);
#1624=STYLED_ITEM('',(#2840),#1708);
#1625=STYLED_ITEM('',(#2840),#1709);
#1626=STYLED_ITEM('',(#2840),#1710);
#1627=STYLED_ITEM('',(#2840),#1711);
#1628=STYLED_ITEM('',(#2840),#1712);
#1629=STYLED_ITEM('',(#2840),#1713);
#1630=STYLED_ITEM('',(#2840),#1714);
#1631=STYLED_ITEM('',(#2840),#1715);
#1632=STYLED_ITEM('',(#2840),#1716);
#1633=STYLED_ITEM('',(#2840),#1717);
#1634=STYLED_ITEM('',(#2840),#1718);
#1635=STYLED_ITEM('',(#2840),#1719);
#1636=STYLED_ITEM('',(#2840),#1720);
#1637=STYLED_ITEM('',(#2840),#1721);
#1638=STYLED_ITEM('',(#2840),#1722);
#1639=STYLED_ITEM('',(#2840),#1723);
#1640=STYLED_ITEM('',(#2840),#1724);
#1641=STYLED_ITEM('',(#2840),#1725);
#1642=STYLED_ITEM('',(#2840),#1726);
#1643=STYLED_ITEM('',(#2840),#1727);
#1644=STYLED_ITEM('',(#2840),#1728);
#1645=STYLED_ITEM('',(#2840),#1729);
#1646=STYLED_ITEM('',(#2840),#1730);
#1647=STYLED_ITEM('',(#2840),#1731);
#1648=STYLED_ITEM('',(#2840),#1732);
#1649=STYLED_ITEM('',(#2840),#1733);
#1650=STYLED_ITEM('',(#2840),#1734);
#1651=STYLED_ITEM('',(#2840),#1735);
#1652=STYLED_ITEM('',(#2840),#1736);
#1653=STYLED_ITEM('',(#2840),#1737);
#1654=STYLED_ITEM('',(#2840),#1738);
#1655=STYLED_ITEM('',(#2838),#13);
#1656=ADVANCED_FACE('',(#62),#1501,.T.);
#1657=ADVANCED_FACE('',(#63),#1502,.F.);
#1658=ADVANCED_FACE('',(#64),#1503,.F.);
#1659=ADVANCED_FACE('',(#65,#34,#35,#36,#37),#1504,.T.);
#1660=ADVANCED_FACE('',(#66),#1505,.T.);
#1661=ADVANCED_FACE('',(#67),#1506,.F.);
#1662=ADVANCED_FACE('',(#68),#1507,.F.);
#1663=ADVANCED_FACE('',(#69),#1508,.T.);
#1664=ADVANCED_FACE('',(#70),#1509,.T.);
#1665=ADVANCED_FACE('',(#71),#1510,.T.);
#1666=ADVANCED_FACE('',(#72),#1511,.T.);
#1667=ADVANCED_FACE('',(#73,#38),#1512,.F.);
#1668=ADVANCED_FACE('',(#74),#1513,.T.);
#1669=ADVANCED_FACE('',(#75),#1514,.T.);
#1670=ADVANCED_FACE('',(#76,#39),#1515,.T.);
#1671=ADVANCED_FACE('',(#77),#1516,.T.);
#1672=ADVANCED_FACE('',(#78),#1517,.F.);
#1673=ADVANCED_FACE('',(#79),#1518,.F.);
#1674=ADVANCED_FACE('',(#80),#1519,.F.);
#1675=ADVANCED_FACE('',(#81),#1520,.F.);
#1676=ADVANCED_FACE('',(#82),#1521,.F.);
#1677=ADVANCED_FACE('',(#83),#1522,.F.);
#1678=ADVANCED_FACE('',(#84),#1523,.F.);
#1679=ADVANCED_FACE('',(#85),#1524,.F.);
#1680=ADVANCED_FACE('',(#86),#1525,.F.);
#1681=ADVANCED_FACE('',(#87),#1526,.F.);
#1682=ADVANCED_FACE('',(#88),#1527,.F.);
#1683=ADVANCED_FACE('',(#89),#1528,.F.);
#1684=ADVANCED_FACE('',(#90),#1529,.F.);
#1685=ADVANCED_FACE('',(#91),#1530,.F.);
#1686=ADVANCED_FACE('',(#92),#1531,.T.);
#1687=ADVANCED_FACE('',(#93),#1532,.F.);
#1688=ADVANCED_FACE('',(#94),#1533,.F.);
#1689=ADVANCED_FACE('',(#95),#1534,.T.);
#1690=ADVANCED_FACE('',(#96),#1535,.T.);
#1691=ADVANCED_FACE('',(#97),#1536,.F.);
#1692=ADVANCED_FACE('',(#98),#1537,.F.);
#1693=ADVANCED_FACE('',(#99),#1538,.F.);
#1694=ADVANCED_FACE('',(#100),#1539,.F.);
#1695=ADVANCED_FACE('',(#101),#1540,.F.);
#1696=ADVANCED_FACE('',(#102),#1541,.T.);
#1697=ADVANCED_FACE('',(#103),#1542,.F.);
#1698=ADVANCED_FACE('',(#104),#1543,.F.);
#1699=ADVANCED_FACE('',(#105),#1544,.F.);
#1700=ADVANCED_FACE('',(#106),#1545,.F.);
#1701=ADVANCED_FACE('',(#107),#1546,.F.);
#1702=ADVANCED_FACE('',(#108),#1547,.F.);
#1703=ADVANCED_FACE('',(#109),#1548,.F.);
#1704=ADVANCED_FACE('',(#110),#1549,.F.);
#1705=ADVANCED_FACE('',(#111),#1550,.F.);
#1706=ADVANCED_FACE('',(#112),#1551,.F.);
#1707=ADVANCED_FACE('',(#113),#1552,.F.);
#1708=ADVANCED_FACE('',(#114),#1553,.F.);
#1709=ADVANCED_FACE('',(#115),#1554,.T.);
#1710=ADVANCED_FACE('',(#116),#1555,.F.);
#1711=ADVANCED_FACE('',(#117),#1556,.F.);
#1712=ADVANCED_FACE('',(#118),#1557,.F.);
#1713=ADVANCED_FACE('',(#119),#1558,.F.);
#1714=ADVANCED_FACE('',(#120),#1559,.F.);
#1715=ADVANCED_FACE('',(#121),#1560,.F.);
#1716=ADVANCED_FACE('',(#122),#1561,.T.);
#1717=ADVANCED_FACE('',(#123),#1562,.F.);
#1718=ADVANCED_FACE('',(#124),#1563,.T.);
#1719=ADVANCED_FACE('',(#125),#1564,.F.);
#1720=ADVANCED_FACE('',(#126),#1565,.F.);
#1721=ADVANCED_FACE('',(#127),#22,.T.);
#1722=ADVANCED_FACE('',(#128),#23,.T.);
#1723=ADVANCED_FACE('',(#129),#24,.F.);
#1724=ADVANCED_FACE('',(#130),#25,.F.);
#1725=ADVANCED_FACE('',(#131),#26,.F.);
#1726=ADVANCED_FACE('',(#132),#27,.F.);
#1727=ADVANCED_FACE('',(#133),#1566,.F.);
#1728=ADVANCED_FACE('',(#134),#1567,.T.);
#1729=ADVANCED_FACE('',(#135),#1568,.T.);
#1730=ADVANCED_FACE('',(#136),#1569,.T.);
#1731=ADVANCED_FACE('',(#137),#1570,.T.);
#1732=ADVANCED_FACE('',(#138),#1571,.T.);
#1733=ADVANCED_FACE('',(#139),#28,.T.);
#1734=ADVANCED_FACE('',(#140),#29,.T.);
#1735=ADVANCED_FACE('',(#141),#30,.F.);
#1736=ADVANCED_FACE('',(#142),#31,.F.);
#1737=ADVANCED_FACE('',(#143),#32,.T.);
#1738=ADVANCED_FACE('',(#144),#33,.T.);
#1739=CLOSED_SHELL('',(#1656,#1657,#1658,#1659,#1660,#1661,#1662,#1663,
#1664,#1665,#1666,#1667,#1668,#1669,#1670,#1671,#1672,#1673,#1674,#1675,
#1676,#1677,#1678,#1679,#1680,#1681,#1682,#1683,#1684,#1685,#1686,#1687,
#1688,#1689,#1690,#1691,#1692,#1693,#1694,#1695,#1696,#1697,#1698,#1699,
#1700,#1701,#1702,#1703,#1704,#1705,#1706,#1707,#1708,#1709,#1710,#1711,
#1712,#1713,#1714,#1715,#1716,#1717,#1718,#1719,#1720,#1721,#1722,#1723,
#1724,#1725,#1726,#1727,#1728,#1729,#1730,#1731,#1732,#1733,#1734,#1735,
#1736,#1737,#1738));
#1740=DERIVED_UNIT_ELEMENT(#1742,1.);
#1741=DERIVED_UNIT_ELEMENT(#2823,-3.);
#1742=(
MASS_UNIT()
NAMED_UNIT(*)
SI_UNIT(.KILO.,.GRAM.)
);
#1743=DERIVED_UNIT((#1740,#1741));
#1744=MEASURE_REPRESENTATION_ITEM('density measure',
POSITIVE_RATIO_MEASURE(7850.),#1743);
#1745=PROPERTY_DEFINITION_REPRESENTATION(#1750,#1747);
#1746=PROPERTY_DEFINITION_REPRESENTATION(#1751,#1748);
#1747=REPRESENTATION('material name',(#1749),#2820);
#1748=REPRESENTATION('density',(#1744),#2820);
#1749=DESCRIPTIVE_REPRESENTATION_ITEM('Stahl','Stahl');
#1750=PROPERTY_DEFINITION('material property','material name',#2830);
#1751=PROPERTY_DEFINITION('material property','density of part',#2830);
#1752=AXIS2_PLACEMENT_3D('',#2275,#1858,#1859);
#1753=AXIS2_PLACEMENT_3D('',#2276,#1860,#1861);
#1754=AXIS2_PLACEMENT_3D('',#2289,#1868,#1869);
#1755=AXIS2_PLACEMENT_3D('',#2298,#1874,#1875);
#1756=AXIS2_PLACEMENT_3D('',#2301,#1876,#1877);
#1757=AXIS2_PLACEMENT_3D('',#2305,#1879,#1880);
#1758=AXIS2_PLACEMENT_3D('',#2311,#1884,#1885);
#1759=AXIS2_PLACEMENT_3D('',#2357,#1909,#1910);
#1760=AXIS2_PLACEMENT_3D('',#2373,#1918,#1919);
#1761=AXIS2_PLACEMENT_3D('',#2374,#1920,#1921);
#1762=AXIS2_PLACEMENT_3D('',#2383,#1925,#1926);
#1763=AXIS2_PLACEMENT_3D('',#2391,#1931,#1932);
#1764=AXIS2_PLACEMENT_3D('',#2423,#1950,#1951);
#1765=AXIS2_PLACEMENT_3D('',#2428,#1955,#1956);
#1766=AXIS2_PLACEMENT_3D('',#2440,#1963,#1964);
#1767=AXIS2_PLACEMENT_3D('',#2443,#1967,#1968);
#1768=AXIS2_PLACEMENT_3D('',#2453,#1976,#1977);
#1769=AXIS2_PLACEMENT_3D('',#2478,#1990,#1991);
#1770=AXIS2_PLACEMENT_3D('',#2480,#1993,#1994);
#1771=AXIS2_PLACEMENT_3D('',#2487,#1999,#2000);
#1772=AXIS2_PLACEMENT_3D('',#2505,#2010,#2011);
#1773=AXIS2_PLACEMENT_3D('',#2507,#2013,#2014);
#1774=AXIS2_PLACEMENT_3D('',#2509,#2016,#2017);
#1775=AXIS2_PLACEMENT_3D('',#2510,#2018,#2019);
#1776=AXIS2_PLACEMENT_3D('',#2513,#2022,#2023);
#1777=AXIS2_PLACEMENT_3D('',#2515,#2025,#2026);
#1778=AXIS2_PLACEMENT_3D('',#2517,#2028,#2029);
#1779=AXIS2_PLACEMENT_3D('',#2519,#2031,#2032);
#1780=AXIS2_PLACEMENT_3D('',#2521,#2034,#2035);
#1781=AXIS2_PLACEMENT_3D('',#2523,#2037,#2038);
#1782=AXIS2_PLACEMENT_3D('',#2525,#2040,#2041);
#1783=AXIS2_PLACEMENT_3D('',#2526,#2042,#2043);
#1784=AXIS2_PLACEMENT_3D('',#2532,#2047,#2048);
#1785=AXIS2_PLACEMENT_3D('',#2536,#2051,#2052);
#1786=AXIS2_PLACEMENT_3D('',#2540,#2055,#2056);
#1787=AXIS2_PLACEMENT_3D('',#2542,#2058,#2059);
#1788=AXIS2_PLACEMENT_3D('',#2543,#2060,#2061);
#1789=AXIS2_PLACEMENT_3D('',#2545,#2063,#2064);
#1790=AXIS2_PLACEMENT_3D('',#2546,#2065,#2066);
#1791=AXIS2_PLACEMENT_3D('',#2548,#2068,#2069);
#1792=AXIS2_PLACEMENT_3D('',#2549,#2070,#2071);
#1793=AXIS2_PLACEMENT_3D('',#2555,#2075,#2076);
#1794=AXIS2_PLACEMENT_3D('',#2559,#2078,#2079);
#1795=AXIS2_PLACEMENT_3D('',#2564,#2082,#2083);
#1796=AXIS2_PLACEMENT_3D('',#2566,#2085,#2086);
#1797=AXIS2_PLACEMENT_3D('',#2570,#2088,#2089);
#1798=AXIS2_PLACEMENT_3D('',#2575,#2092,#2093);
#1799=AXIS2_PLACEMENT_3D('',#2577,#2095,#2096);
#1800=AXIS2_PLACEMENT_3D('',#2579,#2098,#2099);
#1801=AXIS2_PLACEMENT_3D('',#2581,#2101,#2102);
#1802=AXIS2_PLACEMENT_3D('',#2583,#2104,#2105);
#1803=AXIS2_PLACEMENT_3D('',#2589,#2109,#2110);
#1804=AXIS2_PLACEMENT_3D('',#2593,#2112,#2113);
#1805=AXIS2_PLACEMENT_3D('',#2596,#2116,#2117);
#1806=AXIS2_PLACEMENT_3D('',#2600,#2120,#2121);
#1807=AXIS2_PLACEMENT_3D('',#2603,#2122,#2123);
#1808=AXIS2_PLACEMENT_3D('',#2607,#2125,#2126);
#1809=AXIS2_PLACEMENT_3D('',#2613,#2130,#2131);
#1810=AXIS2_PLACEMENT_3D('',#2616,#2134,#2135);
#1811=AXIS2_PLACEMENT_3D('',#2620,#2138,#2139);
#1812=AXIS2_PLACEMENT_3D('',#2624,#2142,#2143);
#1813=AXIS2_PLACEMENT_3D('',#2630,#2147,#2148);
#1814=AXIS2_PLACEMENT_3D('',#2634,#2150,#2151);
#1815=AXIS2_PLACEMENT_3D('',#2639,#2154,#2155);
#1816=AXIS2_PLACEMENT_3D('',#2641,#2157,#2158);
#1817=AXIS2_PLACEMENT_3D('',#2645,#2160,#2161);
#1818=AXIS2_PLACEMENT_3D('',#2650,#2164,#2165);
#1819=AXIS2_PLACEMENT_3D('',#2652,#2167,#2168);
#1820=AXIS2_PLACEMENT_3D('',#2654,#2170,#2171);
#1821=AXIS2_PLACEMENT_3D('',#2656,#2173,#2174);
#1822=AXIS2_PLACEMENT_3D('',#2658,#2176,#2177);
#1823=AXIS2_PLACEMENT_3D('',#2664,#2181,#2182);
#1824=AXIS2_PLACEMENT_3D('',#2667,#2183,#2184);
#1825=AXIS2_PLACEMENT_3D('',#2671,#2186,#2187);
#1826=AXIS2_PLACEMENT_3D('',#2677,#2191,#2192);
#1827=AXIS2_PLACEMENT_3D('',#2681,#2195,#2196);
#1828=AXIS2_PLACEMENT_3D('',#2684,#2198,#2199);
#1829=AXIS2_PLACEMENT_3D('',#2686,#2201,#2202);
#1830=AXIS2_PLACEMENT_3D('',#2689,#2203,#2204);
#1831=AXIS2_PLACEMENT_3D('',#2693,#2206,#2207);
#1832=AXIS2_PLACEMENT_3D('',#2699,#2211,#2212);
#1833=AXIS2_PLACEMENT_3D('',#2702,#2215,#2216);
#1834=AXIS2_PLACEMENT_3D('',#2706,#2219,#2220);
#1835=AXIS2_PLACEMENT_3D('',#2709,#2223,#2224);
#1836=AXIS2_PLACEMENT_3D('',#2710,#2225,#2226);
#1837=AXIS2_PLACEMENT_3D('',#2713,#2229,#2230);
#1838=AXIS2_PLACEMENT_3D('',#2714,#2231,#2232);
#1839=AXIS2_PLACEMENT_3D('',#2735,#2233,#2234);
#1840=AXIS2_PLACEMENT_3D('',#2756,#2235,#2236);
#1841=AXIS2_PLACEMENT_3D('',#2777,#2237,#2238);
#1842=AXIS2_PLACEMENT_3D('',#2798,#2239,#2240);
#1843=AXIS2_PLACEMENT_3D('',#2799,#2241,#2242);
#1844=AXIS2_PLACEMENT_3D('',#2800,#2243,#2244);
#1845=AXIS2_PLACEMENT_3D('',#2802,#2246,#2247);
#1846=AXIS2_PLACEMENT_3D('',#2803,#2248,#2249);
#1847=AXIS2_PLACEMENT_3D('',#2804,#2250,#2251);
#1848=AXIS2_PLACEMENT_3D('',#2806,#2253,#2254);
#1849=AXIS2_PLACEMENT_3D('',#2808,#2256,#2257);
#1850=AXIS2_PLACEMENT_3D('',#2810,#2259,#2260);
#1851=AXIS2_PLACEMENT_3D('',#2811,#2261,#2262);
#1852=AXIS2_PLACEMENT_3D('',#2812,#2263,#2264);
#1853=AXIS2_PLACEMENT_3D('',#2813,#2265,#2266);
#1854=AXIS2_PLACEMENT_3D('',#2814,#2267,#2268);
#1855=AXIS2_PLACEMENT_3D('',#2815,#2269,#2270);
#1856=AXIS2_PLACEMENT_3D('',#2816,#2271,#2272);
#1857=AXIS2_PLACEMENT_3D('',#2817,#2273,#2274);
#1858=DIRECTION('axis',(0.,0.,1.));
#1859=DIRECTION('refdir',(1.,0.,0.));
#1860=DIRECTION('center_axis',(0.,0.0871557427476584,0.996194698091746));
#1861=DIRECTION('ref_axis',(0.,-0.996194698091746,0.0871557427476584));
#1862=DIRECTION('',(1.,0.,0.));
#1863=DIRECTION('',(0.0868265938642469,-0.992432509138967,0.0868265938642478));
#1864=DIRECTION('',(-1.,0.,0.));
#1865=DIRECTION('',(-0.0868265938642478,-0.992432509138967,0.0868265938642478));
#1866=DIRECTION('',(1.,0.,0.));
#1867=DIRECTION('',(0.0868265938642478,-0.992432509138967,0.0868265938642478));
#1868=DIRECTION('center_axis',(0.,1.,0.));
#1869=DIRECTION('ref_axis',(0.,0.,1.));
#1870=DIRECTION('',(0.,0.,-1.));
#1871=DIRECTION('',(1.,0.,0.));
#1872=DIRECTION('',(0.,0.,1.));
#1873=DIRECTION('',(-1.,0.,0.));
#1874=DIRECTION('center_axis',(0.,1.,0.));
#1875=DIRECTION('ref_axis',(0.,0.,1.));
#1876=DIRECTION('center_axis',(0.,-1.,0.));
#1877=DIRECTION('ref_axis',(7.2280144832367E-16,0.,1.));
#1878=DIRECTION('',(1.,0.,0.));
#1879=DIRECTION('center_axis',(0.,1.,0.));
#1880=DIRECTION('ref_axis',(0.,0.,1.));
#1881=DIRECTION('',(0.,0.,-1.));
#1882=DIRECTION('',(1.,0.,0.));
#1883=DIRECTION('',(0.,0.,-1.));
#1884=DIRECTION('center_axis',(0.,-0.0871557427476584,-0.996194698091746));
#1885=DIRECTION('ref_axis',(0.,0.996194698091746,-0.0871557427476584));
#1886=DIRECTION('',(0.0868265938642484,0.992432509138967,-0.0868265938642478));
#1887=DIRECTION('',(1.,0.,0.));
#1888=DIRECTION('',(-0.0868265938642484,0.992432509138967,-0.0868265938642478));
#1889=DIRECTION('',(-1.,0.,0.));
#1890=DIRECTION('',(-0.0868265938642478,0.992432509138967,-0.0868265938642478));
#1891=DIRECTION('',(1.,0.,0.));
#1892=DIRECTION('',(0.0868265938642478,0.992432509138967,-0.0868265938642478));
#1893=DIRECTION('',(1.,0.,0.));
#1894=DIRECTION('',(1.,0.,0.));
#1895=DIRECTION('',(0.,-0.996194698091746,0.0871557427476584));
#1896=DIRECTION('',(1.,0.,0.));
#1897=DIRECTION('',(0.,0.996194698091746,-0.0871557427476584));
#1898=DIRECTION('',(0.,0.996194698091746,-0.0871557427476584));
#1899=DIRECTION('',(-1.,0.,0.));
#1900=DIRECTION('',(0.,-0.996194698091746,0.0871557427476584));
#1901=DIRECTION('',(0.,0.996194698091746,-0.0871557427476584));
#1902=DIRECTION('',(-1.,0.,0.));
#1903=DIRECTION('',(0.,-0.996194698091746,0.0871557427476584));
#1904=DIRECTION('',(-1.,0.,0.));
#1905=DIRECTION('',(0.,0.996194698091746,-0.0871557427476584));
#1906=DIRECTION('',(-1.,0.,0.));
#1907=DIRECTION('',(0.,-0.996194698091746,0.0871557427476584));
#1908=DIRECTION('',(-1.,0.,0.));
#1909=DIRECTION('center_axis',(0.,0.,1.));
#1910=DIRECTION('ref_axis',(1.,0.,0.));
#1911=DIRECTION('',(0.,-1.,0.));
#1912=DIRECTION('',(1.,0.,0.));
#1913=DIRECTION('',(0.,-1.,0.));
#1914=DIRECTION('',(1.,0.,0.));
#1915=DIRECTION('',(0.,1.,0.));
#1916=DIRECTION('',(-1.,-1.32961652478855E-15,0.));
#1917=DIRECTION('',(0.,-1.,0.));
#1918=DIRECTION('center_axis',(0.,0.,-1.));
#1919=DIRECTION('ref_axis',(1.,0.,0.));
#1920=DIRECTION('center_axis',(0.,0.,-1.));
#1921=DIRECTION('ref_axis',(-1.,0.,0.));
#1922=DIRECTION('',(0.,-1.,0.));
#1923=DIRECTION('',(1.,0.,0.));
#1924=DIRECTION('',(0.,1.,0.));
#1925=DIRECTION('center_axis',(0.,0.,-1.));
#1926=DIRECTION('ref_axis',(-1.,0.,0.));
#1927=DIRECTION('',(0.,1.,0.));
#1928=DIRECTION('',(-1.,1.08857493257542E-16,0.));
#1929=DIRECTION('',(0.,-1.,0.));
#1930=DIRECTION('',(1.,0.,0.));
#1931=DIRECTION('center_axis',(0.,1.,0.));
#1932=DIRECTION('ref_axis',(0.,0.,1.));
#1933=DIRECTION('',(0.,0.,-1.));
#1934=DIRECTION('',(-1.,0.,0.));
#1935=DIRECTION('',(0.,0.,-1.));
#1936=DIRECTION('',(0.,0.,1.));
#1937=DIRECTION('',(-1.,0.,0.));
#1938=DIRECTION('',(0.,0.,-1.));
#1939=DIRECTION('',(0.,0.,-1.));
#1940=DIRECTION('',(-1.,0.,0.));
#1941=DIRECTION('',(0.,0.,-1.));
#1942=DIRECTION('',(-1.,-6.600857738638E-17,0.));
#1943=DIRECTION('',(0.,0.,-1.));
#1944=DIRECTION('',(-1.,0.,0.));
#1945=DIRECTION('',(0.,0.,-1.));
#1946=DIRECTION('',(-1.,-5.1360818816684E-17,0.));
#1947=DIRECTION('',(0.,0.,-1.));
#1948=DIRECTION('',(-1.,0.,0.));
#1949=DIRECTION('',(0.,0.,-1.));
#1950=DIRECTION('center_axis',(0.996194698091746,-0.0871557427476584,0.));
#1951=DIRECTION('ref_axis',(0.0871557427476584,0.996194698091746,0.));
#1952=DIRECTION('',(0.,0.,1.));
#1953=DIRECTION('',(0.,0.,-1.));
#1954=DIRECTION('',(0.0868265938642478,0.992432509138967,0.0868265938642478));
#1955=DIRECTION('center_axis',(0.,-0.0871557427476584,0.996194698091746));
#1956=DIRECTION('ref_axis',(0.,-0.996194698091746,-0.0871557427476584));
#1957=DIRECTION('',(-0.0868265938642484,-0.992432509138967,-0.0868265938642478));
#1958=DIRECTION('',(-1.,0.,0.));
#1959=DIRECTION('',(-0.0868265938642478,0.992432509138967,0.0868265938642478));
#1960=DIRECTION('',(1.,0.,0.));
#1961=DIRECTION('',(0.0868265938642484,-0.992432509138967,-0.0868265938642478));
#1962=DIRECTION('',(-1.,0.,0.));
#1963=DIRECTION('center_axis',(0.,-1.,0.));
#1964=DIRECTION('ref_axis',(0.,0.,-1.));
#1965=DIRECTION('',(0.,0.,1.));
#1966=DIRECTION('',(0.,0.,1.));
#1967=DIRECTION('center_axis',(0.,0.0871557427476584,-0.996194698091746));
#1968=DIRECTION('ref_axis',(0.,0.996194698091746,0.0871557427476584));
#1969=DIRECTION('',(-1.,0.,0.));
#1970=DIRECTION('',(-1.,0.,0.));
#1971=DIRECTION('',(-1.,0.,0.));
#1972=DIRECTION('',(-1.,0.,0.));
#1973=DIRECTION('',(-0.0868265938642478,-0.992432509138967,-0.0868265938642478));
#1974=DIRECTION('',(-1.,0.,0.));
#1975=DIRECTION('',(0.0868265938642478,-0.992432509138967,-0.0868265938642478));
#1976=DIRECTION('center_axis',(0.,-1.,0.));
#1977=DIRECTION('ref_axis',(0.,0.,-1.));
#1978=DIRECTION('',(1.,0.,-1.62630325872826E-16));
#1979=DIRECTION('',(0.707106781186548,0.,-0.707106781186548));
#1980=DIRECTION('',(0.,0.,-1.));
#1981=DIRECTION('',(-0.707106781186548,0.,-0.707106781186548));
#1982=DIRECTION('',(-1.,0.,1.62630325872826E-16));
#1983=DIRECTION('',(-0.707106781186547,0.,0.707106781186548));
#1984=DIRECTION('',(0.,0.,1.));
#1985=DIRECTION('',(0.707106781186547,0.,0.707106781186547));
#1986=DIRECTION('',(0.,0.,1.));
#1987=DIRECTION('',(-1.,0.,0.));
#1988=DIRECTION('',(0.,0.,-1.));
#1989=DIRECTION('',(1.,0.,0.));
#1990=DIRECTION('center_axis',(0.996194698091746,0.0871557427476584,0.));
#1991=DIRECTION('ref_axis',(-0.0871557427476584,0.996194698091746,0.));
#1992=DIRECTION('',(0.,0.,-1.));
#1993=DIRECTION('center_axis',(-0.996194698091746,0.0871557427476584,0.));
#1994=DIRECTION('ref_axis',(-0.0871557427476584,-0.996194698091746,0.));
#1995=DIRECTION('',(0.,0.,-1.));
#1996=DIRECTION('',(0.0868265938642478,0.992432509138967,0.0868265938642486));
#1997=DIRECTION('',(0.,0.,1.));
#1998=DIRECTION('',(2.34422091348217E-16,0.,-1.));
#1999=DIRECTION('center_axis',(0.,1.,0.));
#2000=DIRECTION('ref_axis',(0.,0.,1.));
#2001=DIRECTION('',(-0.707106781186544,0.,-0.707106781186551));
#2002=DIRECTION('',(1.,0.,-1.62630325872826E-16));
#2003=DIRECTION('',(0.707106781186547,0.,0.707106781186547));
#2004=DIRECTION('',(0.,0.,1.));
#2005=DIRECTION('',(-0.707106781186547,0.,0.707106781186548));
#2006=DIRECTION('',(-1.,0.,1.62630325872826E-16));
#2007=DIRECTION('',(-0.707106781186548,0.,-0.707106781186548));
#2008=DIRECTION('',(0.,0.,-1.));
#2009=DIRECTION('',(0.707106781186548,0.,-0.707106781186548));
#2010=DIRECTION('center_axis',(-0.996194698091746,-0.0871557427476584,-2.33530044516673E-16));
#2011=DIRECTION('ref_axis',(0.0871557427476584,-0.996194698091746,2.94999678059511E-33));
#2012=DIRECTION('',(-2.34422091348217E-16,0.,1.));
#2013=DIRECTION('center_axis',(0.,-1.,0.));
#2014=DIRECTION('ref_axis',(0.,0.,-1.));
#2015=DIRECTION('',(-0.707106781186544,0.,-0.707106781186551));
#2016=DIRECTION('center_axis',(0.707106781186551,0.,-0.707106781186544));
#2017=DIRECTION('ref_axis',(-0.707106781186544,0.,-0.707106781186551));
#2018=DIRECTION('center_axis',(1.5708883189837E-16,-0.258819045102521,0.965925826289068));
#2019=DIRECTION('ref_axis',(-2.02515959872615E-33,-0.965925826289068,-0.258819045102521));
#2020=DIRECTION('',(0.106595546568843,0.960422428894698,0.257344414215072));
#2021=DIRECTION('',(-0.106595546568842,0.960422428894698,0.257344414215072));
#2022=DIRECTION('center_axis',(-0.683012701892219,-0.258819045102521,0.683012701892219));
#2023=DIRECTION('ref_axis',(0.707106781186548,1.35601095620688E-17,0.707106781186548));
#2024=DIRECTION('',(-0.257344414215072,0.960422428894698,0.106595546568842));
#2025=DIRECTION('center_axis',(-0.965925826289068,-0.258819045102521,0.));
#2026=DIRECTION('ref_axis',(0.258819045102521,-0.965925826289068,0.));
#2027=DIRECTION('',(-0.257344414215072,0.960422428894698,-0.106595546568842));
#2028=DIRECTION('center_axis',(-0.68301270189222,-0.258819045102521,-0.683012701892219));
#2029=DIRECTION('ref_axis',(-0.707106781186547,8.11946283204711E-18,0.707106781186548));
#2030=DIRECTION('',(-0.106595546568843,0.960422428894698,-0.257344414215072));
#2031=DIRECTION('center_axis',(-1.5708883189837E-16,-0.258819045102521,
-0.965925826289068));
#2032=DIRECTION('ref_axis',(-2.02515959872615E-33,0.965925826289068,-0.258819045102521));
#2033=DIRECTION('',(0.106595546568843,0.960422428894698,-0.257344414215072));
#2034=DIRECTION('center_axis',(0.683012701892219,-0.258819045102521,-0.683012701892219));
#2035=DIRECTION('ref_axis',(-0.707106781186547,-1.41954660535601E-17,-0.707106781186548));
#2036=DIRECTION('',(0.257344414215072,0.960422428894698,-0.106595546568842));
#2037=DIRECTION('center_axis',(0.965925826289068,-0.258819045102521,0.));
#2038=DIRECTION('ref_axis',(0.258819045102521,0.965925826289068,0.));
#2039=DIRECTION('',(0.257344414215072,0.960422428894698,0.106595546568842));
#2040=DIRECTION('center_axis',(0.683012701892219,-0.258819045102521,0.683012701892219));
#2041=DIRECTION('ref_axis',(0.707106781186547,1.41954660535601E-17,-0.707106781186548));
#2042=DIRECTION('center_axis',(1.,0.,0.));
#2043=DIRECTION('ref_axis',(0.,0.,-1.));
#2044=DIRECTION('',(0.,-1.,0.));
#2045=DIRECTION('',(0.,0.,1.));
#2046=DIRECTION('',(0.,-1.,0.));
#2047=DIRECTION('center_axis',(0.,0.,-1.));
#2048=DIRECTION('ref_axis',(-1.,0.,0.));
#2049=DIRECTION('',(0.,-1.,0.));
#2050=DIRECTION('',(1.,0.,0.));
#2051=DIRECTION('center_axis',(-1.,0.,0.));
#2052=DIRECTION('ref_axis',(0.,0.,1.));
#2053=DIRECTION('',(0.,-1.,0.));
#2054=DIRECTION('',(0.,0.,-1.));
#2055=DIRECTION('center_axis',(0.,0.,1.));
#2056=DIRECTION('ref_axis',(1.,0.,0.));
#2057=DIRECTION('',(-1.,0.,0.));
#2058=DIRECTION('center_axis',(0.,1.,0.));
#2059=DIRECTION('ref_axis',(0.,0.,1.));
#2060=DIRECTION('center_axis',(0.,1.,0.));
#2061=DIRECTION('ref_axis',(0.,0.,1.));
#2062=DIRECTION('',(0.,0.,1.));
#2063=DIRECTION('center_axis',(0.996194698091745,0.087155742747659,0.));
#2064=DIRECTION('ref_axis',(-0.087155742747659,0.996194698091746,0.));
#2065=DIRECTION('center_axis',(0.,-1.,0.));
#2066=DIRECTION('ref_axis',(0.,0.,-1.));
#2067=DIRECTION('',(0.,0.,1.));
#2068=DIRECTION('center_axis',(0.996194698091745,-0.087155742747659,0.));
#2069=DIRECTION('ref_axis',(0.087155742747659,0.996194698091746,0.));
#2070=DIRECTION('center_axis',(6.60085773863801E-17,-1.,0.));
#2071=DIRECTION('ref_axis',(1.,6.60085773863801E-17,0.));
#2072=DIRECTION('',(0.,0.,-1.));
#2073=DIRECTION('',(0.,0.,-1.));
#2074=DIRECTION('',(-1.,-6.600857738638E-17,0.));
#2075=DIRECTION('center_axis',(-1.,1.44560289664734E-16,0.));
#2076=DIRECTION('ref_axis',(-1.44560289664734E-16,-1.,0.));
#2077=DIRECTION('',(0.,0.,-1.));
#2078=DIRECTION('center_axis',(1.,-1.44560289664734E-16,0.));
#2079=DIRECTION('ref_axis',(-1.44560289664734E-16,-1.,0.));
#2080=DIRECTION('',(1.44560289664734E-16,1.,0.));
#2081=DIRECTION('',(1.44560289664734E-16,1.,0.));
#2082=DIRECTION('center_axis',(-1.,1.44560289664734E-16,0.));
#2083=DIRECTION('ref_axis',(-1.44560289664734E-16,-1.,0.));
#2084=DIRECTION('',(0.,0.,1.));
#2085=DIRECTION('center_axis',(1.,1.44560289664734E-16,0.));
#2086=DIRECTION('ref_axis',(-1.44560289664734E-16,1.,0.));
#2087=DIRECTION('',(1.44560289664734E-16,-1.,0.));
#2088=DIRECTION('center_axis',(-1.,-1.44560289664734E-16,0.));
#2089=DIRECTION('ref_axis',(-1.44560289664734E-16,1.,0.));
#2090=DIRECTION('',(0.,0.,-1.));
#2091=DIRECTION('',(0.,0.,-1.));
#2092=DIRECTION('center_axis',(1.,1.44560289664734E-16,0.));
#2093=DIRECTION('ref_axis',(-1.44560289664734E-16,1.,0.));
#2094=DIRECTION('',(1.44560289664734E-16,-1.,0.));
#2095=DIRECTION('center_axis',(0.,1.,0.));
#2096=DIRECTION('ref_axis',(0.,0.,1.));
#2097=DIRECTION('',(1.,0.,0.));
#2098=DIRECTION('center_axis',(0.,0.,-1.));
#2099=DIRECTION('ref_axis',(-1.,0.,0.));
#2100=DIRECTION('',(1.,0.,0.));
#2101=DIRECTION('center_axis',(0.,0.,-1.));
#2102=DIRECTION('ref_axis',(-1.,0.,0.));
#2103=DIRECTION('',(-1.,0.,0.));
#2104=DIRECTION('center_axis',(1.32961652478855E-15,-1.,0.));
#2105=DIRECTION('ref_axis',(1.,1.32961652478855E-15,0.));
#2106=DIRECTION('',(0.,0.,-1.));
#2107=DIRECTION('',(0.,0.,-1.));
#2108=DIRECTION('',(-1.,-1.32961652478855E-15,0.));
#2109=DIRECTION('center_axis',(-1.,0.,0.));
#2110=DIRECTION('ref_axis',(0.,0.,1.));
#2111=DIRECTION('',(0.,0.,-1.));
#2112=DIRECTION('center_axis',(1.,0.,0.));
#2113=DIRECTION('ref_axis',(0.,0.,1.));
#2114=DIRECTION('',(0.,1.,0.));
#2115=DIRECTION('',(0.,0.,1.));
#2116=DIRECTION('center_axis',(1.,0.,0.));
#2117=DIRECTION('ref_axis',(0.,0.,-1.));
#2118=DIRECTION('',(0.,-1.,0.));
#2119=DIRECTION('',(0.,0.,1.));
#2120=DIRECTION('center_axis',(-1.44560289664734E-15,-1.,0.));
#2121=DIRECTION('ref_axis',(1.,-1.44560289664734E-15,0.));
#2122=DIRECTION('center_axis',(-1.44560289664734E-15,-1.,0.));
#2123=DIRECTION('ref_axis',(1.,-1.44560289664734E-15,0.));
#2124=DIRECTION('',(0.,0.,-1.));
#2125=DIRECTION('center_axis',(1.44560289664734E-15,1.,0.));
#2126=DIRECTION('ref_axis',(1.,-1.44560289664734E-15,7.2280144832367E-16));
#2127=DIRECTION('',(0.,0.,-1.));
#2128=DIRECTION('',(-1.,2.71050543121376E-15,0.));
#2129=DIRECTION('',(0.,0.,-1.));
#2130=DIRECTION('center_axis',(1.,0.,0.));
#2131=DIRECTION('ref_axis',(0.,0.,-1.));
#2132=DIRECTION('',(0.,-1.,0.));
#2133=DIRECTION('',(0.,-1.,0.));
#2134=DIRECTION('center_axis',(0.,1.,0.));
#2135=DIRECTION('ref_axis',(0.,0.,1.));
#2136=DIRECTION('',(0.,0.,-1.));
#2137=DIRECTION('',(1.,0.,0.));
#2138=DIRECTION('center_axis',(0.,0.,1.));
#2139=DIRECTION('ref_axis',(1.,0.,0.));
#2140=DIRECTION('',(-1.,0.,0.));
#2141=DIRECTION('',(0.,1.,0.));
#2142=DIRECTION('center_axis',(5.1360818816684E-17,-1.,0.));
#2143=DIRECTION('ref_axis',(1.,5.1360818816684E-17,0.));
#2144=DIRECTION('',(0.,0.,-1.));
#2145=DIRECTION('',(0.,0.,-1.));
#2146=DIRECTION('',(-1.,-5.1360818816684E-17,0.));
#2147=DIRECTION('center_axis',(-1.,-1.44560289664734E-16,0.));
#2148=DIRECTION('ref_axis',(1.44560289664734E-16,-1.,0.));
#2149=DIRECTION('',(0.,0.,-1.));
#2150=DIRECTION('center_axis',(1.,1.44560289664734E-16,0.));
#2151=DIRECTION('ref_axis',(1.44560289664734E-16,-1.,0.));
#2152=DIRECTION('',(-1.44560289664734E-16,1.,0.));
#2153=DIRECTION('',(-1.44560289664734E-16,1.,0.));
#2154=DIRECTION('center_axis',(-1.,-1.44560289664734E-16,0.));
#2155=DIRECTION('ref_axis',(1.44560289664734E-16,-1.,0.));
#2156=DIRECTION('',(0.,0.,1.));
#2157=DIRECTION('center_axis',(1.,1.0842021724855E-16,0.));
#2158=DIRECTION('ref_axis',(-1.0842021724855E-16,1.,0.));
#2159=DIRECTION('',(1.0842021724855E-16,-1.,0.));
#2160=DIRECTION('center_axis',(-1.,-1.0842021724855E-16,0.));
#2161=DIRECTION('ref_axis',(-1.0842021724855E-16,1.,0.));
#2162=DIRECTION('',(0.,0.,-1.));
#2163=DIRECTION('',(0.,0.,-1.));
#2164=DIRECTION('center_axis',(1.,1.0842021724855E-16,0.));
#2165=DIRECTION('ref_axis',(-1.0842021724855E-16,1.,0.));
#2166=DIRECTION('',(1.0842021724855E-16,-1.,0.));
#2167=DIRECTION('center_axis',(-1.80700362080917E-16,1.,0.));
#2168=DIRECTION('ref_axis',(-1.,-1.80700362080917E-16,0.));
#2169=DIRECTION('',(1.,1.80700362080917E-16,0.));
#2170=DIRECTION('center_axis',(0.,0.,-1.));
#2171=DIRECTION('ref_axis',(-1.,0.,0.));
#2172=DIRECTION('',(1.,0.,0.));
#2173=DIRECTION('center_axis',(0.,0.,-1.));
#2174=DIRECTION('ref_axis',(-1.,0.,0.));
#2175=DIRECTION('',(-1.,-1.80700362080917E-16,0.));
#2176=DIRECTION('center_axis',(-1.08857493257542E-16,-1.,0.));
#2177=DIRECTION('ref_axis',(1.,-1.08857493257542E-16,0.));
#2178=DIRECTION('',(0.,0.,-1.));
#2179=DIRECTION('',(0.,0.,-1.));
#2180=DIRECTION('',(-1.,1.08857493257542E-16,0.));
#2181=DIRECTION('center_axis',(0.,-1.,0.));
#2182=DIRECTION('ref_axis',(0.,0.,-1.));
#2183=DIRECTION('center_axis',(0.,1.,0.));
#2184=DIRECTION('ref_axis',(-1.44560289664734E-15,0.,-1.));
#2185=DIRECTION('',(0.,0.,1.));
#2186=DIRECTION('center_axis',(0.,-1.,0.));
#2187=DIRECTION('ref_axis',(0.,0.,-1.));
#2188=DIRECTION('',(0.,0.,-1.));
#2189=DIRECTION('',(-1.,0.,0.));
#2190=DIRECTION('',(0.,0.,-1.));
#2191=DIRECTION('center_axis',(-1.,0.,0.));
#2192=DIRECTION('ref_axis',(0.,0.,1.));
#2193=DIRECTION('',(0.,0.,-1.));
#2194=DIRECTION('',(0.,1.,0.));
#2195=DIRECTION('center_axis',(1.,0.,0.));
#2196=DIRECTION('ref_axis',(0.,0.,-1.));
#2197=DIRECTION('',(0.,-1.,0.));
#2198=DIRECTION('center_axis',(-1.,0.,0.));
#2199=DIRECTION('ref_axis',(0.,0.,-1.));
#2200=DIRECTION('',(0.,0.,-1.));
#2201=DIRECTION('center_axis',(0.,1.,0.));
#2202=DIRECTION('ref_axis',(0.,0.,1.));
#2203=DIRECTION('center_axis',(0.,1.,0.));
#2204=DIRECTION('ref_axis',(0.,0.,1.));
#2205=DIRECTION('',(1.,0.,0.));
#2206=DIRECTION('center_axis',(0.,-1.,0.));
#2207=DIRECTION('ref_axis',(0.,0.,1.));
#2208=DIRECTION('',(0.,0.,-1.));
#2209=DIRECTION('',(1.,0.,0.));
#2210=DIRECTION('',(0.,0.,-1.));
#2211=DIRECTION('center_axis',(-1.,0.,0.));
#2212=DIRECTION('ref_axis',(0.,0.,1.));
#2213=DIRECTION('',(0.,1.,0.));
#2214=DIRECTION('',(0.,1.,0.));
#2215=DIRECTION('center_axis',(0.,0.,-1.));
#2216=DIRECTION('ref_axis',(-1.,0.,0.));
#2217=DIRECTION('',(0.,-1.,0.));
#2218=DIRECTION('',(-1.,0.,0.));
#2219=DIRECTION('center_axis',(1.,0.,0.));
#2220=DIRECTION('ref_axis',(0.,0.,-1.));
#2221=DIRECTION('',(0.,-1.,0.));
#2222=DIRECTION('',(0.,-1.,0.));
#2223=DIRECTION('center_axis',(0.,0.,1.));
#2224=DIRECTION('ref_axis',(1.,0.,0.));
#2225=DIRECTION('center_axis',(-1.,0.,0.));
#2226=DIRECTION('ref_axis',(0.,0.,1.));
#2227=DIRECTION('',(0.,1.,0.));
#2228=DIRECTION('',(0.,1.,0.));
#2229=DIRECTION('center_axis',(0.,0.,-1.));
#2230=DIRECTION('ref_axis',(-1.,0.,0.));
#2231=DIRECTION('center_axis',(0.,-1.,0.));
#2232=DIRECTION('ref_axis',(0.,0.,-1.));
#2233=DIRECTION('center_axis',(0.,-1.,0.));
#2234=DIRECTION('ref_axis',(0.,0.,-1.));
#2235=DIRECTION('center_axis',(0.,1.,0.));
#2236=DIRECTION('ref_axis',(0.,0.,1.));
#2237=DIRECTION('center_axis',(0.,1.,0.));
#2238=DIRECTION('ref_axis',(0.,0.,1.));
#2239=DIRECTION('center_axis',(0.,0.,1.));
#2240=DIRECTION('ref_axis',(1.,0.,0.));
#2241=DIRECTION('center_axis',(0.,0.,1.));
#2242=DIRECTION('ref_axis',(1.,0.,0.));
#2243=DIRECTION('center_axis',(0.,-1.,0.));
#2244=DIRECTION('ref_axis',(0.,0.,-1.));
#2245=DIRECTION('',(0.,0.,-1.));
#2246=DIRECTION('center_axis',(-1.,0.,0.));
#2247=DIRECTION('ref_axis',(0.,0.,1.));
#2248=DIRECTION('center_axis',(-1.,0.,0.));
#2249=DIRECTION('ref_axis',(0.,0.,1.));
#2250=DIRECTION('center_axis',(0.,1.,0.));
#2251=DIRECTION('ref_axis',(0.,0.,1.));
#2252=DIRECTION('',(-1.,0.,0.));
#2253=DIRECTION('center_axis',(0.,1.,0.));
#2254=DIRECTION('ref_axis',(0.,0.,1.));
#2255=DIRECTION('',(-1.,0.,0.));
#2256=DIRECTION('center_axis',(0.,1.,0.));
#2257=DIRECTION('ref_axis',(0.,0.,1.));
#2258=DIRECTION('',(0.,0.,1.));
#2259=DIRECTION('center_axis',(1.,0.,0.));
#2260=DIRECTION('ref_axis',(0.,0.,-1.));
#2261=DIRECTION('center_axis',(1.,0.,0.));
#2262=DIRECTION('ref_axis',(0.,0.,-1.));
#2263=DIRECTION('center_axis',(-1.,-1.80700362080917E-16,0.));
#2264=DIRECTION('ref_axis',(1.80700362080917E-16,-1.,0.));
#2265=DIRECTION('center_axis',(-1.,0.,0.));
#2266=DIRECTION('ref_axis',(0.,0.,1.));
#2267=DIRECTION('center_axis',(1.,0.,0.));
#2268=DIRECTION('ref_axis',(0.,0.,-1.));
#2269=DIRECTION('center_axis',(1.,0.,0.));
#2270=DIRECTION('ref_axis',(0.,0.,-1.));
#2271=DIRECTION('center_axis',(1.,0.,0.));
#2272=DIRECTION('ref_axis',(0.,0.,-1.));
#2273=DIRECTION('center_axis',(-1.,0.,0.));
#2274=DIRECTION('ref_axis',(0.,0.,1.));
#2275=CARTESIAN_POINT('',(0.,0.,0.));
#2276=CARTESIAN_POINT('Origin',(-2.,0.,1.));
#2277=CARTESIAN_POINT('',(-1.40000000000001,0.8,0.930009069179261));
#2278=CARTESIAN_POINT('',(1.93000906917926,0.8,0.930009069179261));
#2279=CARTESIAN_POINT('',(-2.,0.8,0.930009069179261));
#2280=CARTESIAN_POINT('',(-1.37375340094223,0.5,0.956255668237038));
#2281=CARTESIAN_POINT('',(-1.3350600352674,0.0577328065668637,0.994949033911864));
#2282=CARTESIAN_POINT('',(-1.95625566823704,0.5,0.956255668237038));
#2283=CARTESIAN_POINT('',(-2.,0.5,0.956255668237038));
#2284=CARTESIAN_POINT('',(-2.,0.,1.));
#2285=CARTESIAN_POINT('',(-2.,0.,1.));
#2286=CARTESIAN_POINT('',(2.,0.,1.));
#2287=CARTESIAN_POINT('',(-2.,0.,1.));
#2288=CARTESIAN_POINT('',(1.98492228519587,0.172339068817371,0.984922285195866));
#2289=CARTESIAN_POINT('Origin',(2.,-0.75,-0.9));
#2290=CARTESIAN_POINT('',(1.25,-0.75,-0.784383502355557));
#2291=CARTESIAN_POINT('',(1.25,-0.75,-0.82));
#2292=CARTESIAN_POINT('',(1.25,-0.75,-0.9));
#2293=CARTESIAN_POINT('',(1.7,-0.75,-0.82));
#2294=CARTESIAN_POINT('',(1.7,-0.75,-0.82));
#2295=CARTESIAN_POINT('',(1.7,-0.75,-0.784383502355557));
#2296=CARTESIAN_POINT('',(1.7,-0.75,-0.9));
#2297=CARTESIAN_POINT('',(-2.,-0.75,-0.784383502355557));
#2298=CARTESIAN_POINT('Origin',(-2.,-0.75,-0.9));
#2299=CARTESIAN_POINT('',(-2.,-0.75,-0.72));
#2300=CARTESIAN_POINT('',(-1.98284271247462,-0.75,-0.82));
#2301=CARTESIAN_POINT('Origin',(-1.7,-0.75,-0.72));
#2302=CARTESIAN_POINT('',(-1.86266499161422,-0.75,-0.82));
#2303=CARTESIAN_POINT('',(-2.,-0.75,-0.82));
#2304=CARTESIAN_POINT('',(-1.88,-0.75,-0.75));
#2305=CARTESIAN_POINT('Origin',(-1.73,-0.75,-0.75));
#2306=CARTESIAN_POINT('',(-1.88,-0.75,-0.5));
#2307=CARTESIAN_POINT('',(-1.88,-0.75,-0.5));
#2308=CARTESIAN_POINT('',(-2.,-0.75,-0.5));
#2309=CARTESIAN_POINT('',(-2.,-0.75,-0.5));
#2310=CARTESIAN_POINT('',(-2.,-0.75,-0.9));
#2311=CARTESIAN_POINT('Origin',(-2.,0.,-0.85));
#2312=CARTESIAN_POINT('',(1.77943609354776,-0.8,-0.780009069179261));
#2313=CARTESIAN_POINT('',(1.81443155895813,-0.4,-0.815004534589631));
#2314=CARTESIAN_POINT('',(1.82040674295212,-0.331703334430048,-0.820979718583623));
#2315=CARTESIAN_POINT('',(-1.77943609354776,-0.8,-0.780009069179261));
#2316=CARTESIAN_POINT('',(-2.,-0.8,-0.780009069179261));
#2317=CARTESIAN_POINT('',(-1.81443155895813,-0.4,-0.815004534589631));
#2318=CARTESIAN_POINT('',(-1.85056217256039,0.0129748032046969,-0.851135148191891));
#2319=CARTESIAN_POINT('',(-1.96500453458963,-0.4,-0.815004534589631));
#2320=CARTESIAN_POINT('',(-2.,-0.4,-0.815004534589631));
#2321=CARTESIAN_POINT('',(-2.,0.,-0.85));
#2322=CARTESIAN_POINT('',(-2.,0.,-0.85));
#2323=CARTESIAN_POINT('',(2.,0.,-0.85));
#2324=CARTESIAN_POINT('',(-2.,0.,-0.85));
#2325=CARTESIAN_POINT('',(1.96500453458963,-0.4,-0.815004534589631));
#2326=CARTESIAN_POINT('',(1.98605311380618,-0.159413638656068,-0.836053113806176));
#2327=CARTESIAN_POINT('',(-2.,-0.4,-0.815004534589631));
#2328=CARTESIAN_POINT('',(-1.7,-0.67,-0.791382595437631));
#2329=CARTESIAN_POINT('',(-1.35,-0.67,-0.791382595437631));
#2330=CARTESIAN_POINT('',(-2.,-0.67,-0.791382595437631));
#2331=CARTESIAN_POINT('',(-1.7,-0.75,-0.784383502355557));
#2332=CARTESIAN_POINT('',(-1.7,0.,-0.85));
#2333=CARTESIAN_POINT('',(-1.35,-0.75,-0.784383502355557));
#2334=CARTESIAN_POINT('',(-2.,-0.75,-0.784383502355557));
#2335=CARTESIAN_POINT('',(-1.35,0.,-0.85));
#2336=CARTESIAN_POINT('',(1.7,-0.67,-0.791382595437631));
#2337=CARTESIAN_POINT('',(1.7,0.,-0.85));
#2338=CARTESIAN_POINT('',(1.25,-0.67,-0.791382595437631));
#2339=CARTESIAN_POINT('',(-2.,-0.67,-0.791382595437631));
#2340=CARTESIAN_POINT('',(1.25,0.,-0.85));
#2341=CARTESIAN_POINT('',(0.7,-0.75,-0.784383502355557));
#2342=CARTESIAN_POINT('',(0.7,-0.67,-0.791382595437631));
#2343=CARTESIAN_POINT('',(0.7,0.,-0.85));
#2344=CARTESIAN_POINT('',(0.1,-0.67,-0.791382595437631));
#2345=CARTESIAN_POINT('',(-2.,-0.67,-0.791382595437631));
#2346=CARTESIAN_POINT('',(0.1,-0.75,-0.784383502355557));
#2347=CARTESIAN_POINT('',(0.1,0.,-0.85));
#2348=CARTESIAN_POINT('',(-2.,-0.75,-0.784383502355557));
#2349=CARTESIAN_POINT('',(-0.45,-0.75,-0.784383502355557));
#2350=CARTESIAN_POINT('',(-0.45,-0.67,-0.791382595437631));
#2351=CARTESIAN_POINT('',(-0.45,0.,-0.85));
#2352=CARTESIAN_POINT('',(-0.8,-0.67,-0.791382595437631));
#2353=CARTESIAN_POINT('',(-2.,-0.67,-0.791382595437631));
#2354=CARTESIAN_POINT('',(-0.8,-0.75,-0.784383502355557));
#2355=CARTESIAN_POINT('',(-0.8,0.,-0.85));
#2356=CARTESIAN_POINT('',(-2.,-0.75,-0.784383502355557));
#2357=CARTESIAN_POINT('Origin',(0.,0.,-0.9));
#2358=CARTESIAN_POINT('',(-1.73,-0.421414284303706,-0.9));
#2359=CARTESIAN_POINT('',(-1.73,-0.733303027798234,-0.9));
#2360=CARTESIAN_POINT('',(-1.73,0.,-0.9));
#2361=CARTESIAN_POINT('',(-1.7,-0.733303027798234,-0.9));
#2362=CARTESIAN_POINT('',(-1.73,-0.733303027798234,-0.9));
#2363=CARTESIAN_POINT('',(-1.7,-0.67,-0.9));
#2364=CARTESIAN_POINT('',(-1.7,-0.67,-0.9));
#2365=CARTESIAN_POINT('',(-1.35,-0.67,-0.9));
#2366=CARTESIAN_POINT('',(-1.35,-0.67,-0.9));
#2367=CARTESIAN_POINT('',(-1.35,0.,-0.9));
#2368=CARTESIAN_POINT('',(-1.35,0.,-0.9));
#2369=CARTESIAN_POINT('',(-1.7,-4.65365783675994E-16,-0.9));
#2370=CARTESIAN_POINT('',(-1.7,-4.65365783675994E-16,-0.9));
#2371=CARTESIAN_POINT('',(-1.7,-0.35,-0.9));
#2372=CARTESIAN_POINT('',(-1.7,-0.45,-0.9));
#2373=CARTESIAN_POINT('Origin',(-1.8,-0.35,-0.9));
#2374=CARTESIAN_POINT('Origin',(0.,0.,-0.9));
#2375=CARTESIAN_POINT('',(1.7,-0.67,-0.9));
#2376=CARTESIAN_POINT('',(1.7,-0.733303027798234,-0.9));
#2377=CARTESIAN_POINT('',(1.7,-0.67,-0.9));
#2378=CARTESIAN_POINT('',(1.73,-0.733303027798234,-0.9));
#2379=CARTESIAN_POINT('',(1.7,-0.733303027798234,-0.9));
#2380=CARTESIAN_POINT('',(1.73,-0.421414284303706,-0.9));
#2381=CARTESIAN_POINT('',(1.73,-0.45,-0.9));
#2382=CARTESIAN_POINT('',(1.7,-0.35,-0.9));
#2383=CARTESIAN_POINT('Origin',(1.8,-0.35,-0.9));
#2384=CARTESIAN_POINT('',(1.7,-4.89858719658941E-17,-0.9));
#2385=CARTESIAN_POINT('',(1.7,-0.45,-0.9));
#2386=CARTESIAN_POINT('',(1.25,0.,-0.9));
#2387=CARTESIAN_POINT('',(1.7,-4.89858719658941E-17,-0.9));
#2388=CARTESIAN_POINT('',(1.25,-0.67,-0.9));
#2389=CARTESIAN_POINT('',(1.25,0.,-0.9));
#2390=CARTESIAN_POINT('',(1.25,-0.67,-0.9));
#2391=CARTESIAN_POINT('Origin',(0.,0.,0.));
#2392=CARTESIAN_POINT('',(1.7,-4.89858719658941E-17,-1.));
#2393=CARTESIAN_POINT('',(1.7,-4.89858719658941E-17,-0.9));
#2394=CARTESIAN_POINT('',(2.,0.,-1.));
#2395=CARTESIAN_POINT('',(-2.,0.,-1.));
#2396=CARTESIAN_POINT('',(2.,0.,-1.));
#2397=CARTESIAN_POINT('',(-2.,0.,-1.));
#2398=CARTESIAN_POINT('',(-2.,0.,-1.));
#2399=CARTESIAN_POINT('',(-1.7,0.,-1.));
#2400=CARTESIAN_POINT('',(-2.,0.,-1.));
#2401=CARTESIAN_POINT('',(-1.7,-4.65365783675994E-16,-0.9));
#2402=CARTESIAN_POINT('',(-1.35,0.,-1.));
#2403=CARTESIAN_POINT('',(-1.35,0.,-0.9));
#2404=CARTESIAN_POINT('',(-0.8,0.,-1.));
#2405=CARTESIAN_POINT('',(-2.,0.,-1.));
#2406=CARTESIAN_POINT('',(-0.8,-2.3103002085233E-17,-0.9));
#2407=CARTESIAN_POINT('',(-0.8,-2.3103002085233E-17,-0.9));
#2408=CARTESIAN_POINT('',(-0.45,0.,-0.9));
#2409=CARTESIAN_POINT('',(-0.45,0.,-0.9));
#2410=CARTESIAN_POINT('',(-0.45,0.,-1.));
#2411=CARTESIAN_POINT('',(-0.45,0.,-0.9));
#2412=CARTESIAN_POINT('',(0.1,0.,-1.));
#2413=CARTESIAN_POINT('',(-2.,0.,-1.));
#2414=CARTESIAN_POINT('',(0.1,-3.08164912900104E-17,-0.9));
#2415=CARTESIAN_POINT('',(0.1,-3.08164912900104E-17,-0.9));
#2416=CARTESIAN_POINT('',(0.7,0.,-0.9));
#2417=CARTESIAN_POINT('',(0.7,0.,-0.9));
#2418=CARTESIAN_POINT('',(0.7,0.,-1.));
#2419=CARTESIAN_POINT('',(0.7,0.,-0.9));
#2420=CARTESIAN_POINT('',(1.25,0.,-1.));
#2421=CARTESIAN_POINT('',(-2.,0.,-1.));
#2422=CARTESIAN_POINT('',(1.25,0.,-0.9));
#2423=CARTESIAN_POINT('Origin',(2.,0.,1.));
#2424=CARTESIAN_POINT('',(1.96500453458963,-0.4,0.96500453458963));
#2425=CARTESIAN_POINT('',(1.96500453458963,-0.4,1.));
#2426=CARTESIAN_POINT('',(2.,0.,-1.));
#2427=CARTESIAN_POINT('',(1.96984457039173,-0.344678137634742,0.969844570391732));
#2428=CARTESIAN_POINT('Origin',(-2.,0.,1.));
#2429=CARTESIAN_POINT('',(1.81443155895813,-0.4,0.965004534589631));
#2430=CARTESIAN_POINT('',(1.77943609354776,-0.8,0.930009069179261));
#2431=CARTESIAN_POINT('',(1.82040674295212,-0.331703334430048,0.970979718583622));
#2432=CARTESIAN_POINT('',(-2.,-0.4,0.96500453458963));
#2433=CARTESIAN_POINT('',(-1.96500453458963,-0.4,0.96500453458963));
#2434=CARTESIAN_POINT('',(-2.,0.,1.));
#2435=CARTESIAN_POINT('',(-1.81443155895813,-0.4,0.96500453458963));
#2436=CARTESIAN_POINT('',(-2.,-0.4,0.96500453458963));
#2437=CARTESIAN_POINT('',(-1.77943609354776,-0.8,0.930009069179261));
#2438=CARTESIAN_POINT('',(-1.85056217256039,0.0129748032046969,1.00113514819189));
#2439=CARTESIAN_POINT('',(-2.,-0.8,0.930009069179261));
#2440=CARTESIAN_POINT('Origin',(0.,-0.8,0.));
#2441=CARTESIAN_POINT('',(1.77943609354776,-0.8,0.));
#2442=CARTESIAN_POINT('',(-1.77943609354776,-0.8,0.));
#2443=CARTESIAN_POINT('Origin',(-2.,0.,-1.));
#2444=CARTESIAN_POINT('',(-2.,0.,-1.));
#2445=CARTESIAN_POINT('',(-2.,0.,-1.));
#2446=CARTESIAN_POINT('',(-2.,0.,-1.));
#2447=CARTESIAN_POINT('',(-2.,0.,-1.));
#2448=CARTESIAN_POINT('',(-1.93000906917926,0.8,-0.930009069179261));
#2449=CARTESIAN_POINT('',(-2.,0.,-1.));
#2450=CARTESIAN_POINT('',(1.93000906917926,0.8,-0.930009069179261));
#2451=CARTESIAN_POINT('',(-2.,0.8,-0.930009069179261));
#2452=CARTESIAN_POINT('',(1.96984457039173,0.344678137634742,-0.969844570391732));
#2453=CARTESIAN_POINT('Origin',(0.,0.05,0.));
#2454=CARTESIAN_POINT('',(-0.916758857851083,0.05,0.449038105676658));
#2455=CARTESIAN_POINT('',(0.916758857851083,0.05,0.449038105676657));
#2456=CARTESIAN_POINT('',(1.,0.05,0.449038105676657));
#2457=CARTESIAN_POINT('',(1.19903810567666,0.05,0.166758857851083));
#2458=CARTESIAN_POINT('',(1.25789848176387,0.05,0.10789848176387));
#2459=CARTESIAN_POINT('',(1.19903810567666,0.05,-0.166758857851083));
#2460=CARTESIAN_POINT('',(1.19903810567666,0.05,0.25));
#2461=CARTESIAN_POINT('',(0.916758857851083,0.05,-0.449038105676658));
#2462=CARTESIAN_POINT('',(1.25789848176387,0.05,-0.10789848176387));
#2463=CARTESIAN_POINT('',(-0.916758857851083,0.05,-0.449038105676657));
#2464=CARTESIAN_POINT('',(1.,0.05,-0.449038105676658));
#2465=CARTESIAN_POINT('',(-1.19903810567666,0.05,-0.166758857851083));
#2466=CARTESIAN_POINT('',(-0.85789848176387,0.05,-0.50789848176387));
#2467=CARTESIAN_POINT('',(-1.19903810567666,0.05,0.166758857851083));
#2468=CARTESIAN_POINT('',(-1.19903810567666,0.05,0.25));
#2469=CARTESIAN_POINT('',(-0.85789848176387,0.05,0.50789848176387));
#2470=CARTESIAN_POINT('',(-0.212641348666942,0.05,-0.365858962226184));
#2471=CARTESIAN_POINT('',(-0.212641348666942,0.05,0.0279706249841638));
#2472=CARTESIAN_POINT('',(-0.212641348666942,0.05,0.0279706249841638));
#2473=CARTESIAN_POINT('',(0.212641348666942,0.05,-0.365858962226184));
#2474=CARTESIAN_POINT('',(0.212641348666942,0.05,-0.365858962226184));
#2475=CARTESIAN_POINT('',(0.212641348666942,0.05,0.0279706249841638));
#2476=CARTESIAN_POINT('',(0.212641348666942,0.05,0.0279706249841638));
#2477=CARTESIAN_POINT('',(0.212641348666942,0.05,0.0279706249841638));
#2478=CARTESIAN_POINT('Origin',(2.,0.,-1.));
#2479=CARTESIAN_POINT('',(1.93000906917926,0.8,-1.));
#2480=CARTESIAN_POINT('Origin',(-2.,0.,-1.));
#2481=CARTESIAN_POINT('',(-1.95625566823704,0.5,0.373753400942224));
#2482=CARTESIAN_POINT('',(-1.95625566823704,0.5,-1.));
#2483=CARTESIAN_POINT('',(-1.93000906917926,0.8,0.400000000000001));
#2484=CARTESIAN_POINT('',(-2.010026748716,-0.114606262250507,0.319982320463262));
#2485=CARTESIAN_POINT('',(-1.93000906917926,0.8,-1.));
#2486=CARTESIAN_POINT('',(-2.,0.,1.));
#2487=CARTESIAN_POINT('Origin',(0.,0.8,0.));
#2488=CARTESIAN_POINT('',(-1.16500453458964,0.8,1.16500453458963));
#2489=CARTESIAN_POINT('',(-1.,0.8,0.65));
#2490=CARTESIAN_POINT('',(1.,0.8,0.65));
#2491=CARTESIAN_POINT('',(1.,0.8,0.65));
#2492=CARTESIAN_POINT('',(-1.4,0.8,0.25));
#2493=CARTESIAN_POINT('',(-1.,0.8,0.65));
#2494=CARTESIAN_POINT('',(-1.4,0.8,-0.25));
#2495=CARTESIAN_POINT('',(-1.4,0.8,0.25));
#2496=CARTESIAN_POINT('',(-1.,0.8,-0.65));
#2497=CARTESIAN_POINT('',(-1.,0.8,-0.65));
#2498=CARTESIAN_POINT('',(1.,0.8,-0.65));
#2499=CARTESIAN_POINT('',(1.,0.8,-0.65));
#2500=CARTESIAN_POINT('',(1.4,0.8,-0.25));
#2501=CARTESIAN_POINT('',(1.4,0.8,-0.25));
#2502=CARTESIAN_POINT('',(1.4,0.8,0.25));
#2503=CARTESIAN_POINT('',(1.4,0.8,0.25));
#2504=CARTESIAN_POINT('',(1.4,0.8,0.25));
#2505=CARTESIAN_POINT('Origin',(-2.,0.,1.));
#2506=CARTESIAN_POINT('',(-1.96500453458963,-0.4,1.));
#2507=CARTESIAN_POINT('Origin',(0.,0.5,0.));
#2508=CARTESIAN_POINT('',(-1.30823477056803,0.5,1.02177429861124));
#2509=CARTESIAN_POINT('Origin',(-1.30823477056803,0.5,1.02177429861124));
#2510=CARTESIAN_POINT('Origin',(1.,0.8,0.65));
#2511=CARTESIAN_POINT('',(1.,0.8,0.65));
#2512=CARTESIAN_POINT('',(-1.,0.8,0.65));
#2513=CARTESIAN_POINT('Origin',(-1.,0.8,0.65));
#2514=CARTESIAN_POINT('',(-1.4,0.8,0.25));
#2515=CARTESIAN_POINT('Origin',(-1.4,0.8,0.25));
#2516=CARTESIAN_POINT('',(-1.3844822483848,0.742086962552833,-0.243572336823446));
#2517=CARTESIAN_POINT('Origin',(-1.,0.8,-0.65));
#2518=CARTESIAN_POINT('',(-0.97727477890338,0.595246492509989,-0.595136463020611));
#2519=CARTESIAN_POINT('Origin',(1.,0.8,-0.65));
#2520=CARTESIAN_POINT('',(0.993572336823446,0.742086962552833,-0.634482248384798));
#2521=CARTESIAN_POINT('Origin',(1.4,0.8,-0.25));
#2522=CARTESIAN_POINT('',(1.38628411575515,0.748811623127497,-0.244318694725845));
#2523=CARTESIAN_POINT('Origin',(1.4,0.8,0.25));
#2524=CARTESIAN_POINT('',(1.4,0.8,0.25));
#2525=CARTESIAN_POINT('Origin',(1.4,0.8,0.25));
#2526=CARTESIAN_POINT('Origin',(-0.212641348666942,0.15,0.0279706249841638));
#2527=CARTESIAN_POINT('',(-0.212641348666942,0.15,0.0279706249841638));
#2528=CARTESIAN_POINT('',(-0.212641348666942,0.15,0.0279706249841638));
#2529=CARTESIAN_POINT('',(-0.212641348666942,0.15,-0.365858962226184));
#2530=CARTESIAN_POINT('',(-0.212641348666942,0.15,0.0279706249841638));
#2531=CARTESIAN_POINT('',(-0.212641348666942,0.15,-0.365858962226184));
#2532=CARTESIAN_POINT('Origin',(0.212641348666942,0.15,0.0279706249841638));
#2533=CARTESIAN_POINT('',(0.212641348666942,0.15,0.0279706249841638));
#2534=CARTESIAN_POINT('',(0.212641348666942,0.15,0.0279706249841638));
#2535=CARTESIAN_POINT('',(0.212641348666942,0.15,0.0279706249841638));
#2536=CARTESIAN_POINT('Origin',(0.212641348666942,0.15,0.0279706249841638));
#2537=CARTESIAN_POINT('',(0.212641348666942,0.15,-0.365858962226184));
#2538=CARTESIAN_POINT('',(0.212641348666942,0.15,-0.365858962226184));
#2539=CARTESIAN_POINT('',(0.212641348666942,0.15,0.0279706249841638));
#2540=CARTESIAN_POINT('Origin',(0.212641348666942,0.15,-0.365858962226184));
#2541=CARTESIAN_POINT('',(0.212641348666942,0.15,-0.365858962226184));
#2542=CARTESIAN_POINT('Origin',(0.,0.15,0.));
#2543=CARTESIAN_POINT('Origin',(-2.34004710473622,-0.4,-1.));
#2544=CARTESIAN_POINT('',(-1.81443155895813,-0.4,-1.));
#2545=CARTESIAN_POINT('Origin',(-1.81443155895813,-0.4,-1.));
#2546=CARTESIAN_POINT('Origin',(2.34004710473622,-0.4,-1.));
#2547=CARTESIAN_POINT('',(1.81443155895813,-0.4,-1.));
#2548=CARTESIAN_POINT('Origin',(1.81443155895813,-0.4,-1.));
#2549=CARTESIAN_POINT('Origin',(-0.45,0.,-0.9));
#2550=CARTESIAN_POINT('',(-0.8,-2.3103002085233E-17,-1.02));
#2551=CARTESIAN_POINT('',(-0.8,-2.3103002085233E-17,-0.9));
#2552=CARTESIAN_POINT('',(-0.45,0.,-1.02));
#2553=CARTESIAN_POINT('',(-0.45,0.,-0.9));
#2554=CARTESIAN_POINT('',(-0.45,0.,-1.02));
#2555=CARTESIAN_POINT('Origin',(-0.45,0.,-0.9));
#2556=CARTESIAN_POINT('',(-0.45,-0.75,-0.82));
#2557=CARTESIAN_POINT('',(-0.45,-0.75,-0.9));
#2558=CARTESIAN_POINT('',(-0.45,-0.55,-1.02));
#2559=CARTESIAN_POINT('Origin',(-0.45,-0.55,-0.82));
#2560=CARTESIAN_POINT('',(-0.45,0.,-1.02));
#2561=CARTESIAN_POINT('',(-0.45,-0.59,-0.9));
#2562=CARTESIAN_POINT('',(-0.45,0.,-0.9));
#2563=CARTESIAN_POINT('',(-0.45,-0.67,-0.82));
#2564=CARTESIAN_POINT('Origin',(-0.45,-0.59,-0.82));
#2565=CARTESIAN_POINT('',(-0.45,-0.67,-0.9));
#2566=CARTESIAN_POINT('Origin',(-0.8,-2.3103002085233E-17,-0.9));
#2567=CARTESIAN_POINT('',(-0.8,-0.55,-1.02));
#2568=CARTESIAN_POINT('',(-0.8,-2.3103002085233E-17,-1.02));
#2569=CARTESIAN_POINT('',(-0.8,-0.75,-0.82));
#2570=CARTESIAN_POINT('Origin',(-0.8,-0.55,-0.82));
#2571=CARTESIAN_POINT('',(-0.8,-0.75,-0.9));
#2572=CARTESIAN_POINT('',(-0.8,-0.67,-0.82));
#2573=CARTESIAN_POINT('',(-0.8,-0.67,-0.9));
#2574=CARTESIAN_POINT('',(-0.8,-0.59,-0.9));
#2575=CARTESIAN_POINT('Origin',(-0.8,-0.59,-0.82));
#2576=CARTESIAN_POINT('',(-0.8,-2.3103002085233E-17,-0.9));
#2577=CARTESIAN_POINT('Origin',(-0.45,-0.75,-0.9));
#2578=CARTESIAN_POINT('',(-0.45,-0.75,-0.82));
#2579=CARTESIAN_POINT('Origin',(0.,0.,-0.9));
#2580=CARTESIAN_POINT('',(0.,-0.59,-0.9));
#2581=CARTESIAN_POINT('Origin',(0.,0.,-1.02));
#2582=CARTESIAN_POINT('',(-0.8,-0.55,-1.02));
#2583=CARTESIAN_POINT('Origin',(-1.7,-4.65365783675994E-16,-0.9));
#2584=CARTESIAN_POINT('',(-1.7,-4.65365783675994E-16,-1.02));
#2585=CARTESIAN_POINT('',(-1.7,-4.65365783675994E-16,-0.9));
#2586=CARTESIAN_POINT('',(-1.35,0.,-1.02));
#2587=CARTESIAN_POINT('',(-1.35,0.,-0.9));
#2588=CARTESIAN_POINT('',(-1.7,-4.65365783675994E-16,-1.02));
#2589=CARTESIAN_POINT('Origin',(-1.35,0.,-0.9));
#2590=CARTESIAN_POINT('',(-1.35,-0.75,-0.82));
#2591=CARTESIAN_POINT('',(-1.35,-0.75,-0.9));
#2592=CARTESIAN_POINT('',(-1.35,-0.55,-1.02));
#2593=CARTESIAN_POINT('Origin',(-1.35,-0.55,-0.82));
#2594=CARTESIAN_POINT('',(-1.35,0.,-1.02));
#2595=CARTESIAN_POINT('',(-1.35,-0.67,-0.9));
#2596=CARTESIAN_POINT('Origin',(-1.7,-0.45,-0.9));
#2597=CARTESIAN_POINT('',(-1.7,-0.35,-1.02));
#2598=CARTESIAN_POINT('',(-1.7,-0.45,-1.02));
#2599=CARTESIAN_POINT('',(-1.7,-0.35,-0.9));
#2600=CARTESIAN_POINT('Origin',(-2.,-0.45,-0.9));
#2601=CARTESIAN_POINT('',(-1.88,-0.45,-0.75));
#2602=CARTESIAN_POINT('',(-1.8,-0.45,-0.882664991614216));
#2603=CARTESIAN_POINT('Origin',(-1.73,-0.45,-0.75));
#2604=CARTESIAN_POINT('',(-1.8,-0.45,-1.00284271247462));
#2605=CARTESIAN_POINT('',(-1.8,-0.45,-1.02));
#2606=CARTESIAN_POINT('',(-2.,-0.45,-0.72));
#2607=CARTESIAN_POINT('Origin',(-1.7,-0.45,-0.72));
#2608=CARTESIAN_POINT('',(-2.,-0.45,-0.5));
#2609=CARTESIAN_POINT('',(-2.,-0.45,-0.9));
#2610=CARTESIAN_POINT('',(-1.88,-0.45,-0.5));
#2611=CARTESIAN_POINT('',(-2.,-0.45,-0.5));
#2612=CARTESIAN_POINT('',(-1.88,-0.45,-0.5));
#2613=CARTESIAN_POINT('Origin',(-2.,-0.45,-0.9));
#2614=CARTESIAN_POINT('',(-2.,-0.45,-0.72));
#2615=CARTESIAN_POINT('',(-2.,-0.75,-0.5));
#2616=CARTESIAN_POINT('Origin',(-2.,-0.75,-0.9));
#2617=CARTESIAN_POINT('',(-1.7,-0.75,-0.82));
#2618=CARTESIAN_POINT('',(-1.7,-0.75,-0.9));
#2619=CARTESIAN_POINT('',(-2.,-0.75,-0.82));
#2620=CARTESIAN_POINT('Origin',(0.,0.,-1.02));
#2621=CARTESIAN_POINT('',(-1.7,-0.55,-1.02));
#2622=CARTESIAN_POINT('',(0.,-0.55,-1.02));
#2623=CARTESIAN_POINT('',(-1.7,0.,-1.02));
#2624=CARTESIAN_POINT('Origin',(0.7,0.,-0.9));
#2625=CARTESIAN_POINT('',(0.1,-3.08164912900104E-17,-1.02));
#2626=CARTESIAN_POINT('',(0.1,-3.08164912900104E-17,-0.9));
#2627=CARTESIAN_POINT('',(0.7,0.,-1.02));
#2628=CARTESIAN_POINT('',(0.7,0.,-0.9));
#2629=CARTESIAN_POINT('',(0.7,0.,-1.02));
#2630=CARTESIAN_POINT('Origin',(0.7,0.,-0.9));
#2631=CARTESIAN_POINT('',(0.7,-0.75,-0.82));
#2632=CARTESIAN_POINT('',(0.7,-0.75,-0.9));
#2633=CARTESIAN_POINT('',(0.7,-0.55,-1.02));
#2634=CARTESIAN_POINT('Origin',(0.7,-0.55,-0.82));
#2635=CARTESIAN_POINT('',(0.7,0.,-1.02));
#2636=CARTESIAN_POINT('',(0.7,-0.59,-0.9));
#2637=CARTESIAN_POINT('',(0.7,0.,-0.9));
#2638=CARTESIAN_POINT('',(0.7,-0.67,-0.82));
#2639=CARTESIAN_POINT('Origin',(0.7,-0.59,-0.82));
#2640=CARTESIAN_POINT('',(0.7,-0.67,-0.9));
#2641=CARTESIAN_POINT('Origin',(0.1,-3.08164912900104E-17,-0.9));
#2642=CARTESIAN_POINT('',(0.1,-0.55,-1.02));
#2643=CARTESIAN_POINT('',(0.1,-3.08164912900104E-17,-1.02));
#2644=CARTESIAN_POINT('',(0.1,-0.75,-0.82));
#2645=CARTESIAN_POINT('Origin',(0.1,-0.55,-0.82));
#2646=CARTESIAN_POINT('',(0.1,-0.75,-0.9));
#2647=CARTESIAN_POINT('',(0.1,-0.67,-0.82));
#2648=CARTESIAN_POINT('',(0.1,-0.67,-0.9));
#2649=CARTESIAN_POINT('',(0.1,-0.59,-0.9));
#2650=CARTESIAN_POINT('Origin',(0.1,-0.59,-0.82));
#2651=CARTESIAN_POINT('',(0.1,-3.08164912900104E-17,-0.9));
#2652=CARTESIAN_POINT('Origin',(0.7,-0.75,-0.9));
#2653=CARTESIAN_POINT('',(0.7,-0.75,-0.82));
#2654=CARTESIAN_POINT('Origin',(0.,0.,-0.9));
#2655=CARTESIAN_POINT('',(0.,-0.59,-0.9));
#2656=CARTESIAN_POINT('Origin',(0.,0.,-1.02));
#2657=CARTESIAN_POINT('',(0.1,-0.55,-1.02));
#2658=CARTESIAN_POINT('Origin',(1.7,-4.89858719658941E-17,-0.9));
#2659=CARTESIAN_POINT('',(1.25,0.,-1.02));
#2660=CARTESIAN_POINT('',(1.25,0.,-0.9));
#2661=CARTESIAN_POINT('',(1.7,-4.89858719658941E-17,-1.02));
#2662=CARTESIAN_POINT('',(1.7,-4.89858719658941E-17,-0.9));
#2663=CARTESIAN_POINT('',(1.7,-4.89858719658941E-17,-1.02));
#2664=CARTESIAN_POINT('Origin',(2.,-0.45,-0.9));
#2665=CARTESIAN_POINT('',(2.,-0.45,-0.72));
#2666=CARTESIAN_POINT('',(1.8,-0.45,-1.00284271247462));
#2667=CARTESIAN_POINT('Origin',(1.7,-0.45,-0.72));
#2668=CARTESIAN_POINT('',(1.8,-0.45,-0.882664991614216));
#2669=CARTESIAN_POINT('',(1.8,-0.45,-0.9));
#2670=CARTESIAN_POINT('',(1.88,-0.45,-0.75));
#2671=CARTESIAN_POINT('Origin',(1.73,-0.45,-0.75));
#2672=CARTESIAN_POINT('',(1.88,-0.45,-0.5));
#2673=CARTESIAN_POINT('',(1.88,-0.45,-0.5));
#2674=CARTESIAN_POINT('',(2.,-0.45,-0.5));
#2675=CARTESIAN_POINT('',(2.,-0.45,-0.5));
#2676=CARTESIAN_POINT('',(2.,-0.45,-0.9));
#2677=CARTESIAN_POINT('Origin',(1.7,-0.45,-0.9));
#2678=CARTESIAN_POINT('',(1.7,-0.35,-1.02));
#2679=CARTESIAN_POINT('',(1.7,-0.35,-1.02));
#2680=CARTESIAN_POINT('',(1.7,-0.45,-1.02));
#2681=CARTESIAN_POINT('Origin',(1.25,0.,-0.9));
#2682=CARTESIAN_POINT('',(1.25,-0.55,-1.02));
#2683=CARTESIAN_POINT('',(1.25,0.,-1.02));
#2684=CARTESIAN_POINT('Origin',(1.25,-0.55,-0.82));
#2685=CARTESIAN_POINT('',(1.25,-0.67,-0.9));
#2686=CARTESIAN_POINT('Origin',(2.,-0.75,-0.9));
#2687=CARTESIAN_POINT('',(1.88,-0.75,-0.75));
#2688=CARTESIAN_POINT('',(1.86266499161422,-0.75,-0.82));
#2689=CARTESIAN_POINT('Origin',(1.73,-0.75,-0.75));
#2690=CARTESIAN_POINT('',(1.98284271247462,-0.75,-0.82));
#2691=CARTESIAN_POINT('',(1.7,-0.75,-0.82));
#2692=CARTESIAN_POINT('',(2.,-0.75,-0.72));
#2693=CARTESIAN_POINT('Origin',(1.7,-0.75,-0.72));
#2694=CARTESIAN_POINT('',(2.,-0.75,-0.5));
#2695=CARTESIAN_POINT('',(2.,-0.75,-0.9));
#2696=CARTESIAN_POINT('',(1.88,-0.75,-0.5));
#2697=CARTESIAN_POINT('',(2.,-0.75,-0.5));
#2698=CARTESIAN_POINT('',(1.88,-0.75,-0.5));
#2699=CARTESIAN_POINT('Origin',(2.,-0.45,-0.9));
#2700=CARTESIAN_POINT('',(2.,-0.45,-0.72));
#2701=CARTESIAN_POINT('',(2.,-0.75,-0.5));
#2702=CARTESIAN_POINT('Origin',(0.,0.,-1.02));
#2703=CARTESIAN_POINT('',(1.7,-0.55,-1.02));
#2704=CARTESIAN_POINT('',(1.7,-0.75,-1.02));
#2705=CARTESIAN_POINT('',(1.25,-0.55,-1.02));
#2706=CARTESIAN_POINT('Origin',(1.88,-0.75,-0.5));
#2707=CARTESIAN_POINT('',(1.88,-0.75,-0.75));
#2708=CARTESIAN_POINT('',(1.88,-0.75,-0.5));
#2709=CARTESIAN_POINT('Origin',(0.,0.,-0.5));
#2710=CARTESIAN_POINT('Origin',(-1.88,-0.75,-0.5));
#2711=CARTESIAN_POINT('',(-1.88,-0.75,-0.75));
#2712=CARTESIAN_POINT('',(-1.88,-0.75,-0.5));
#2713=CARTESIAN_POINT('Origin',(0.,0.,-0.5));
#2714=CARTESIAN_POINT('Origin',(1.7,-0.45,-0.72));
#2715=CARTESIAN_POINT('Ctrl Pts',(1.98284271247462,-0.75,-0.82));
#2716=CARTESIAN_POINT('Ctrl Pts',(1.97369435499503,-0.75,-0.84587546244214));
#2717=CARTESIAN_POINT('Ctrl Pts',(1.96031500706757,-0.744708947259687,-0.871667058863437));
#2718=CARTESIAN_POINT('Ctrl Pts',(1.92799224338862,-0.726645075181544,-0.916981915150017));
#2719=CARTESIAN_POINT('Ctrl Pts',(1.90905907538486,-0.713826239995513,-0.93649412841746));
#2720=CARTESIAN_POINT('Ctrl Pts',(1.86317227454001,-0.680801313249717,-0.974222859066357));
#2721=CARTESIAN_POINT('Ctrl Pts',(1.83139637406759,-0.656069808522678,-0.991932650105761));
#2722=CARTESIAN_POINT('Ctrl Pts',(1.76547783790682,-0.603529383479489,-1.01484823091887));
#2723=CARTESIAN_POINT('Ctrl Pts',(1.73138922313719,-0.575629193369496,-1.02));
#2724=CARTESIAN_POINT('Ctrl Pts',(1.7,-0.55,-1.02));
#2725=CARTESIAN_POINT('Ctrl Pts',(1.7,-0.35,-1.02));
#2726=CARTESIAN_POINT('Ctrl Pts',(1.7,-0.362565610471882,-1.02));
#2727=CARTESIAN_POINT('Ctrl Pts',(1.70251365631089,-0.375967038196535,-1.0200395882314));
#2728=CARTESIAN_POINT('Ctrl Pts',(1.71272623062692,-0.400607765895128,-1.01976730627121));
#2729=CARTESIAN_POINT('Ctrl Pts',(1.72042539354365,-0.411846749780956,-1.01943635156664));
#2730=CARTESIAN_POINT('Ctrl Pts',(1.73836548957875,-0.429786845816062,-1.01767643304003));
#2731=CARTESIAN_POINT('Ctrl Pts',(1.74984979054695,-0.437535791860807,-1.01610716873372));
#2732=CARTESIAN_POINT('Ctrl Pts',(1.77460204622515,-0.447646503932459,-1.01084415605273));
#2733=CARTESIAN_POINT('Ctrl Pts',(1.78786936300572,-0.45,-1.007131540314));
#2734=CARTESIAN_POINT('Ctrl Pts',(1.8,-0.45,-1.00284271247462));
#2735=CARTESIAN_POINT('Origin',(-1.7,-0.45,-0.72));
#2736=CARTESIAN_POINT('Ctrl Pts',(-1.7,-0.55,-1.02));
#2737=CARTESIAN_POINT('Ctrl Pts',(-1.73138922313719,-0.575629193369496,
-1.02));
#2738=CARTESIAN_POINT('Ctrl Pts',(-1.76547783790682,-0.603529383479489,
-1.01484823091887));
#2739=CARTESIAN_POINT('Ctrl Pts',(-1.83139637406759,-0.656069808522678,
-0.991932650105761));
#2740=CARTESIAN_POINT('Ctrl Pts',(-1.86317227454001,-0.680801313249717,
-0.974222859066357));
#2741=CARTESIAN_POINT('Ctrl Pts',(-1.90905907538486,-0.713826239995513,
-0.93649412841746));
#2742=CARTESIAN_POINT('Ctrl Pts',(-1.92799224338862,-0.726645075181544,
-0.916981915150017));
#2743=CARTESIAN_POINT('Ctrl Pts',(-1.96031500706757,-0.744708947259687,
-0.871667058863437));
#2744=CARTESIAN_POINT('Ctrl Pts',(-1.97369435499503,-0.75,-0.845875462442139));
#2745=CARTESIAN_POINT('Ctrl Pts',(-1.98284271247462,-0.75,-0.82));
#2746=CARTESIAN_POINT('Ctrl Pts',(-1.8,-0.45,-1.00284271247462));
#2747=CARTESIAN_POINT('Ctrl Pts',(-1.78786936300572,-0.45,-1.007131540314));
#2748=CARTESIAN_POINT('Ctrl Pts',(-1.77460204622515,-0.447646503932459,
-1.01084415605273));
#2749=CARTESIAN_POINT('Ctrl Pts',(-1.74984979054695,-0.437535791860807,
-1.01610716873372));
#2750=CARTESIAN_POINT('Ctrl Pts',(-1.73836548957875,-0.429786845816063,
-1.01767643304003));
#2751=CARTESIAN_POINT('Ctrl Pts',(-1.72042539354365,-0.411846749780956,
-1.01943635156664));
#2752=CARTESIAN_POINT('Ctrl Pts',(-1.71272623062692,-0.400607765895128,
-1.01976730627121));
#2753=CARTESIAN_POINT('Ctrl Pts',(-1.70251365631089,-0.375967038196536,
-1.0200395882314));
#2754=CARTESIAN_POINT('Ctrl Pts',(-1.7,-0.362565610471882,-1.02));
#2755=CARTESIAN_POINT('Ctrl Pts',(-1.7,-0.35,-1.02));
#2756=CARTESIAN_POINT('Origin',(-1.73,-0.75,-0.75));
#2757=CARTESIAN_POINT('Ctrl Pts',(-1.86266499161422,-0.75,-0.82));
#2758=CARTESIAN_POINT('Ctrl Pts',(-1.86035171212931,-0.75,-0.824384160049524));
#2759=CARTESIAN_POINT('Ctrl Pts',(-1.85780550328089,-0.749849945501512,
-0.828679514536858));
#2760=CARTESIAN_POINT('Ctrl Pts',(-1.84590071856422,-0.748716336296793,
-0.846655179005458));
#2761=CARTESIAN_POINT('Ctrl Pts',(-1.83433382253551,-0.746429729829764,
-0.858861058058899));
#2762=CARTESIAN_POINT('Ctrl Pts',(-1.80981191796674,-0.741672285660405,
-0.877973202697356));
#2763=CARTESIAN_POINT('Ctrl Pts',(-1.7948769448517,-0.738769711425525,-0.886299181362014));
#2764=CARTESIAN_POINT('Ctrl Pts',(-1.7629244345031,-0.734562397729339,-0.897311278959951));
#2765=CARTESIAN_POINT('Ctrl Pts',(-1.74590183643095,-0.733303027798234,
-0.9));
#2766=CARTESIAN_POINT('Ctrl Pts',(-1.73,-0.733303027798234,-0.9));
#2767=CARTESIAN_POINT('Ctrl Pts',(-1.73000000000914,-0.421414284294385,
-0.9));
#2768=CARTESIAN_POINT('Ctrl Pts',(-1.73114750593367,-0.422539065078794,
-0.89999999999993));
#2769=CARTESIAN_POINT('Ctrl Pts',(-1.73231560723289,-0.42362976007501,-0.899986811306769));
#2770=CARTESIAN_POINT('Ctrl Pts',(-1.74254208319005,-0.4327353479655,-0.899748069495313));
#2771=CARTESIAN_POINT('Ctrl Pts',(-1.75500025924634,-0.440078054149566,
-0.898342836729345));
#2772=CARTESIAN_POINT('Ctrl Pts',(-1.77587410027544,-0.447601431963671,
-0.893168142647218));
#2773=CARTESIAN_POINT('Ctrl Pts',(-1.78662415800419,-0.449615321873772,
-0.889370925406382));
#2774=CARTESIAN_POINT('Ctrl Pts',(-1.7979024629158,-0.44998494656503,-0.88375586443306));
#2775=CARTESIAN_POINT('Ctrl Pts',(-1.7989545664725,-0.45,-0.883216609234169));
#2776=CARTESIAN_POINT('Ctrl Pts',(-1.8,-0.45,-0.882664991614216));
#2777=CARTESIAN_POINT('Origin',(1.73,-0.75,-0.75));
#2778=CARTESIAN_POINT('Ctrl Pts',(1.73,-0.733303027798234,-0.9));
#2779=CARTESIAN_POINT('Ctrl Pts',(1.74590183643095,-0.733303027798234,-0.9));
#2780=CARTESIAN_POINT('Ctrl Pts',(1.7629244345031,-0.734562397729339,-0.897311278959951));
#2781=CARTESIAN_POINT('Ctrl Pts',(1.7948769448517,-0.738769711425525,-0.886299181362014));
#2782=CARTESIAN_POINT('Ctrl Pts',(1.80981191796674,-0.741672285660405,-0.877973202697356));
#2783=CARTESIAN_POINT('Ctrl Pts',(1.83433382253551,-0.746429729829764,-0.858861058058899));
#2784=CARTESIAN_POINT('Ctrl Pts',(1.84590071856422,-0.748716336296793,-0.846655179005458));
#2785=CARTESIAN_POINT('Ctrl Pts',(1.85780550328089,-0.749849945501512,-0.828679514536857));
#2786=CARTESIAN_POINT('Ctrl Pts',(1.86035171212931,-0.75,-0.824384160049524));
#2787=CARTESIAN_POINT('Ctrl Pts',(1.86266499161422,-0.75,-0.82));
#2788=CARTESIAN_POINT('Ctrl Pts',(1.8,-0.45,-0.882664991614216));
#2789=CARTESIAN_POINT('Ctrl Pts',(1.7989545664725,-0.45,-0.883216609234168));
#2790=CARTESIAN_POINT('Ctrl Pts',(1.7979024629158,-0.449984946565029,-0.88375586443306));
#2791=CARTESIAN_POINT('Ctrl Pts',(1.78662415800419,-0.449615321873771,-0.889370925406382));
#2792=CARTESIAN_POINT('Ctrl Pts',(1.77587410027544,-0.447601431963671,-0.893168142647218));
#2793=CARTESIAN_POINT('Ctrl Pts',(1.75500025924634,-0.440078054149566,-0.898342836729345));
#2794=CARTESIAN_POINT('Ctrl Pts',(1.74254208319005,-0.4327353479655,-0.899748069495313));
#2795=CARTESIAN_POINT('Ctrl Pts',(1.73231560723289,-0.42362976007501,-0.899986811306769));
#2796=CARTESIAN_POINT('Ctrl Pts',(1.73114750593367,-0.422539065078794,-0.89999999999993));
#2797=CARTESIAN_POINT('Ctrl Pts',(1.73000000000914,-0.421414284294384,-0.9));
#2798=CARTESIAN_POINT('Origin',(1.8,-0.35,-0.9));
#2799=CARTESIAN_POINT('Origin',(-1.8,-0.35,-0.9));
#2800=CARTESIAN_POINT('Origin',(0.,-0.67,0.));
#2801=CARTESIAN_POINT('',(-1.7,-0.67,-0.9));
#2802=CARTESIAN_POINT('Origin',(-1.7,-0.67,-0.9));
#2803=CARTESIAN_POINT('Origin',(-1.7,-0.55,-0.82));
#2804=CARTESIAN_POINT('Origin',(0.,-0.67,0.));
#2805=CARTESIAN_POINT('',(0.,-0.67,-0.82));
#2806=CARTESIAN_POINT('Origin',(0.,-0.67,0.));
#2807=CARTESIAN_POINT('',(0.,-0.67,-0.82));
#2808=CARTESIAN_POINT('Origin',(0.,-0.67,0.));
#2809=CARTESIAN_POINT('',(1.7,-0.67,-0.9));
#2810=CARTESIAN_POINT('Origin',(1.7,-0.67,-0.9));
#2811=CARTESIAN_POINT('Origin',(1.7,-0.55,-0.82));
#2812=CARTESIAN_POINT('Origin',(0.7,-0.55,-0.82));
#2813=CARTESIAN_POINT('Origin',(-0.45,-0.55,-0.82));
#2814=CARTESIAN_POINT('Origin',(0.,-0.59,-0.82));
#2815=CARTESIAN_POINT('Origin',(0.,-0.59,-0.82));
#2816=CARTESIAN_POINT('Origin',(-2.,-0.55,-0.82));
#2817=CARTESIAN_POINT('Origin',(2.,-0.55,-0.82));
#2818=UNCERTAINTY_MEASURE_WITH_UNIT(LENGTH_MEASURE(0.01),#2822,
'DISTANCE_ACCURACY_VALUE',
'Maximum model space distance between geometric entities at asserted c
onnectivities');
#2819=UNCERTAINTY_MEASURE_WITH_UNIT(LENGTH_MEASURE(0.01),#2822,
'DISTANCE_ACCURACY_VALUE',
'Maximum model space distance between geometric entities at asserted c
onnectivities');
#2820=(
GEOMETRIC_REPRESENTATION_CONTEXT(3)
GLOBAL_UNCERTAINTY_ASSIGNED_CONTEXT((#2818))
GLOBAL_UNIT_ASSIGNED_CONTEXT((#2822,#2824,#2825))
REPRESENTATION_CONTEXT('','3D')
);
#2821=(
GEOMETRIC_REPRESENTATION_CONTEXT(3)
GLOBAL_UNCERTAINTY_ASSIGNED_CONTEXT((#2819))
GLOBAL_UNIT_ASSIGNED_CONTEXT((#2822,#2824,#2825))
REPRESENTATION_CONTEXT('','3D')
);
#2822=(
LENGTH_UNIT()
NAMED_UNIT(*)
SI_UNIT(.MILLI.,.METRE.)
);
#2823=(
LENGTH_UNIT()
NAMED_UNIT(*)
SI_UNIT($,.METRE.)
);
#2824=(
NAMED_UNIT(*)
PLANE_ANGLE_UNIT()
SI_UNIT($,.RADIAN.)
);
#2825=(
NAMED_UNIT(*)
SI_UNIT($,.STERADIAN.)
SOLID_ANGLE_UNIT()
);
#2826=SHAPE_DEFINITION_REPRESENTATION(#2827,#2828);
#2827=PRODUCT_DEFINITION_SHAPE('',$,#2830);
#2828=SHAPE_REPRESENTATION('',(#1752),#2820);
#2829=PRODUCT_DEFINITION_CONTEXT('part definition',#2834,'design');
#2830=PRODUCT_DEFINITION('2026-08-19-16-03-01-458','SK6812SIDE-A',#2831,
#2829);
#2831=PRODUCT_DEFINITION_FORMATION('',$,#2836);
#2832=PRODUCT_RELATED_PRODUCT_CATEGORY('SK6812SIDE-A','SK6812SIDE-A',(#2836));
#2833=APPLICATION_PROTOCOL_DEFINITION('international standard',
'automotive_design',2009,#2834);
#2834=APPLICATION_CONTEXT(
'Core Data for Automotive Mechanical Design Process');
#2835=PRODUCT_CONTEXT('part definition',#2834,'mechanical');
#2836=PRODUCT('2026-08-19-16-03-01-458','SK6812SIDE-A','STEP AP214',(#2835));
#2837=PRESENTATION_STYLE_ASSIGNMENT((#2842));
#2838=PRESENTATION_STYLE_ASSIGNMENT((#2843));
#2839=PRESENTATION_STYLE_ASSIGNMENT((#2844));
#2840=PRESENTATION_STYLE_ASSIGNMENT((#2845));
#2841=PRESENTATION_STYLE_ASSIGNMENT((#2846));
#2842=SURFACE_STYLE_USAGE(.BOTH.,#2847);
#2843=SURFACE_STYLE_USAGE(.BOTH.,#2848);
#2844=SURFACE_STYLE_USAGE(.BOTH.,#2849);
#2845=SURFACE_STYLE_USAGE(.BOTH.,#2850);
#2846=SURFACE_STYLE_USAGE(.BOTH.,#2851);
#2847=SURFACE_SIDE_STYLE('',(#2852));
#2848=SURFACE_SIDE_STYLE('',(#2853));
#2849=SURFACE_SIDE_STYLE('',(#2854));
#2850=SURFACE_SIDE_STYLE('',(#2855));
#2851=SURFACE_SIDE_STYLE('',(#2856));
#2852=SURFACE_STYLE_FILL_AREA(#2857);
#2853=SURFACE_STYLE_FILL_AREA(#2858);
#2854=SURFACE_STYLE_FILL_AREA(#2859);
#2855=SURFACE_STYLE_FILL_AREA(#2860);
#2856=SURFACE_STYLE_FILL_AREA(#2861);
#2857=FILL_AREA_STYLE('Stahl - satiniert',(#2862));
#2858=FILL_AREA_STYLE('Opaque(128,64,0)',(#2863));
#2859=FILL_AREA_STYLE('Opaque(255,255,255)',(#2864));
#2860=FILL_AREA_STYLE('Opaque(192,192,192)',(#2865));
#2861=FILL_AREA_STYLE('Opaque(64,64,64)',(#2866));
#2862=FILL_AREA_STYLE_COLOUR('Stahl - satiniert',#2867);
#2863=FILL_AREA_STYLE_COLOUR('Opaque(128,64,0)',#2868);
#2864=FILL_AREA_STYLE_COLOUR('Opaque(255,255,255)',#2869);
#2865=FILL_AREA_STYLE_COLOUR('Opaque(192,192,192)',#2870);
#2866=FILL_AREA_STYLE_COLOUR('Opaque(64,64,64)',#2871);
#2867=COLOUR_RGB('Stahl - satiniert',0.627450980392157,0.627450980392157,
0.627450980392157);
#2868=COLOUR_RGB('Opaque(128,64,0)',0.501960784313725,0.250980392156863,
0.);
#2869=COLOUR_RGB('Opaque(255,255,255)',1.,1.,1.);
#2870=COLOUR_RGB('Opaque(192,192,192)',0.752941176470588,0.752941176470588,
0.752941176470588);
#2871=COLOUR_RGB('Opaque(64,64,64)',0.250980392156863,0.250980392156863,
0.250980392156863);
ENDSEC;
END-ISO-10303-21;
