ISO-10303-21;
HEADER;
FILE_DESCRIPTION (( 'STEP AP214' ),
    '1' );
FILE_NAME ('Part177.STEP',
    '2024-06-12T17:07:39',
    ( '' ),
    ( '' ),
    'SwSTEP 2.0',
    'SolidWorks 2024',
    '' );
FILE_SCHEMA (( 'AUTOMOTIVE_DESIGN' ));
ENDSEC;

DATA;
#1 = PRESENTATION_STYLE_ASSIGNMENT (( #841 ) ) ;
#2 = CARTESIAN_POINT ( 'NONE',  ( 3.995000000000000107, 0.8005000000000001004, 2.720000000000000195 ) ) ;
#3 = MECHANICAL_DESIGN_GEOMETRIC_PRESENTATION_REPRESENTATION (  '', ( #1217 ), #402 ) ;
#4 = STYLED_ITEM ( 'NONE', ( #601 ), #650 ) ;
#5 = ORIENTED_EDGE ( 'NONE', *, *, #210, .F. ) ;
#6 = STYLED_ITEM ( 'NONE', ( #8 ), #992 ) ;
#7 = CARTESIAN_POINT ( 'NONE',  ( 3.995000000000000107, 0.8005000000000001004, -2.720000000000000195 ) ) ;
#8 = PRESENTATION_STYLE_ASSIGNMENT (( #333 ) ) ;
#9 = FILL_AREA_STYLE ('',( #635 ) ) ;
#10 = DIRECTION ( 'NONE',  ( -1.594414959537506187E-16, 0.000000000000000000, 1.000000000000000000 ) ) ;
#11 = ORIENTED_EDGE ( 'NONE', *, *, #54, .T. ) ;
#12 = EDGE_CURVE ( 'NONE', #120, #1061, #117, .T. ) ;
#13 = EDGE_CURVE ( 'NONE', #186, #1101, #310, .T. ) ;
#14 = VERTEX_POINT ( 'NONE', #855 ) ;
#15 = UNCERTAINTY_MEASURE_WITH_UNIT (LENGTH_MEASURE( 1.000000000000000082E-05 ), #1228, 'distance_accuracy_value', 'NONE');
#16 = SHAPE_DEFINITION_REPRESENTATION ( #632, #1274 ) ;
#17 = ORIENTED_EDGE ( 'NONE', *, *, #664, .F. ) ;
#18 = CARTESIAN_POINT ( 'NONE',  ( -3.995000000000000107, -0.8005000000000001004, 0.000000000000000000 ) ) ;
#19 = SURFACE_STYLE_FILL_AREA ( #230 ) ;
#20 = FILL_AREA_STYLE ('',( #134 ) ) ;
#21 = SURFACE_SIDE_STYLE ('',( #999 ) ) ;
#22 = FACE_OUTER_BOUND ( 'NONE', #78, .T. ) ;
#23 =( GEOMETRIC_REPRESENTATION_CONTEXT ( 3 ) GLOBAL_UNCERTAINTY_ASSIGNED_CONTEXT ( ( #15 ) ) GLOBAL_UNIT_ASSIGNED_CONTEXT ( ( #1228, #491, #1111 ) ) REPRESENTATION_CONTEXT ( 'NONE', 'WORKASPACE' ) );
#24 = ORIENTED_EDGE ( 'NONE', *, *, #703, .F. ) ;
#25 = DIRECTION ( 'NONE',  ( -0.000000000000000000, -1.000000000000000000, -0.000000000000000000 ) ) ;
#26 = MECHANICAL_DESIGN_GEOMETRIC_PRESENTATION_REPRESENTATION (  '', ( #624 ), #1361 ) ;
#27 = VECTOR ( 'NONE', #525, 1000.000000000000000 ) ;
#28 = CLOSED_SHELL ( 'NONE', ( #1351, #165, #431, #53, #650, #38, #227, #925, #445, #1374, #1330, #1095, #879, #872 ) ) ;
#29 =( NAMED_UNIT ( * ) SI_UNIT ( $, .STERADIAN. ) SOLID_ANGLE_UNIT ( ) );
#30 = LINE ( 'NONE', #1322, #176 ) ;
#31 = LINE ( 'NONE', #980, #672 ) ;
#32 =( NAMED_UNIT ( * ) SI_UNIT ( $, .STERADIAN. ) SOLID_ANGLE_UNIT ( ) );
#33 = ORIENTED_EDGE ( 'NONE', *, *, #1162, .T. ) ;
#34 = DIRECTION ( 'NONE',  ( 0.000000000000000000, -0.000000000000000000, 1.000000000000000000 ) ) ;
#35 = CARTESIAN_POINT ( 'NONE',  ( -3.995000000000000107, -0.8000000000000000444, -2.720000000000000195 ) ) ;
#36 =( LENGTH_UNIT ( ) NAMED_UNIT ( * ) SI_UNIT ( .MILLI., .METRE. ) );
#37 = SURFACE_STYLE_FILL_AREA ( #570 ) ;
#38 = ADVANCED_FACE ( 'NONE', ( #1159 ), #438, .F. ) ;
#39 = ORIENTED_EDGE ( 'NONE', *, *, #484, .F. ) ;
#40 = DIRECTION ( 'NONE',  ( -0.000000000000000000, -1.000000000000000000, -0.000000000000000000 ) ) ;
#41 =( LENGTH_UNIT ( ) NAMED_UNIT ( * ) SI_UNIT ( .MILLI., .METRE. ) );
#42 = UNCERTAINTY_MEASURE_WITH_UNIT (LENGTH_MEASURE( 1.000000000000000082E-05 ), #36, 'distance_accuracy_value', 'NONE');
#43 = DIRECTION ( 'NONE',  ( 0.000000000000000000, 0.000000000000000000, -1.000000000000000000 ) ) ;
#44 =( NAMED_UNIT ( * ) PLANE_ANGLE_UNIT ( ) SI_UNIT ( $, .RADIAN. ) );
#45 = EDGE_LOOP ( 'NONE', ( #550, #916, #225, #274 ) ) ;
#46 = MECHANICAL_DESIGN_GEOMETRIC_PRESENTATION_REPRESENTATION (  '', ( #1148 ), #846 ) ;
#47 = VECTOR ( 'NONE', #1140, 1000.000000000000000 ) ;
#48 = UNCERTAINTY_MEASURE_WITH_UNIT (LENGTH_MEASURE( 1.000000000000000082E-05 ), #906, 'distance_accuracy_value', 'NONE');
#49 = AXIS2_PLACEMENT_3D ( 'NONE', #113, #950, #1149 ) ;
#50 =( LENGTH_UNIT ( ) NAMED_UNIT ( * ) SI_UNIT ( .MILLI., .METRE. ) );
#51 = ORIENTED_EDGE ( 'NONE', *, *, #995, .T. ) ;
#52 = DIRECTION ( 'NONE',  ( -0.000000000000000000, -0.000000000000000000, -1.000000000000000000 ) ) ;
#53 = ADVANCED_FACE ( 'NONE', ( #737 ), #200, .F. ) ;
#54 = EDGE_CURVE ( 'NONE', #192, #1373, #31, .T. ) ;
#55 = SURFACE_SIDE_STYLE ('',( #1118 ) ) ;
#56 = LINE ( 'NONE', #495, #1087 ) ;
#57 =( NAMED_UNIT ( * ) PLANE_ANGLE_UNIT ( ) SI_UNIT ( $, .RADIAN. ) );
#58 = ORIENTED_EDGE ( 'NONE', *, *, #460, .F. ) ;
#59 = CARTESIAN_POINT ( 'NONE',  ( 3.995000000000000107, 0.8000000000000000444, 2.720000000000000195 ) ) ;
#60 = DIRECTION ( 'NONE',  ( -1.000000000000000000, -0.000000000000000000, -0.000000000000000000 ) ) ;
#61 = VERTEX_POINT ( 'NONE', #687 ) ;
#62 = FILL_AREA_STYLE ('',( #281 ) ) ;
#63 = PRESENTATION_STYLE_ASSIGNMENT (( #1195 ) ) ;
#64 = FILL_AREA_STYLE_COLOUR ( '', #1362 ) ;
#65 = PRESENTATION_LAYER_ASSIGNMENT (  '', '', ( #1336 ) ) ;
#66 = CARTESIAN_POINT ( 'NONE',  ( -3.995000000000000107, 0.7995000000000000995, 0.000000000000000000 ) ) ;
#67 = COLOUR_RGB ( '',0.1098039215686274495, 0.1098039215686274495, 0.1098039215686274495 ) ;
#68 = ORIENTED_EDGE ( 'NONE', *, *, #1066, .T. ) ;
#69 = PLANE ( 'NONE',  #530 ) ;
#70 = DIRECTION ( 'NONE',  ( -0.000000000000000000, -0.000000000000000000, 1.000000000000000000 ) ) ;
#71 = PLANE ( 'NONE',  #1172 ) ;
#72 =( LENGTH_UNIT ( ) NAMED_UNIT ( * ) SI_UNIT ( .MILLI., .METRE. ) );
#73 = FILL_AREA_STYLE_COLOUR ( '', #607 ) ;
#74 = ORIENTED_EDGE ( 'NONE', *, *, #1010, .F. ) ;
#75 = CARTESIAN_POINT ( 'NONE',  ( 1.495000000000000329, 0.7995000000000000995, 2.720000000000000195 ) ) ;
#76 = SURFACE_SIDE_STYLE ('',( #167 ) ) ;
#77 =( NAMED_UNIT ( * ) PLANE_ANGLE_UNIT ( ) SI_UNIT ( $, .RADIAN. ) );
#78 = EDGE_LOOP ( 'NONE', ( #1153, #963, #844, #965 ) ) ;
#79 = ORIENTED_EDGE ( 'NONE', *, *, #210, .T. ) ;
#80 = DIRECTION ( 'NONE',  ( -0.000000000000000000, -1.000000000000000000, -0.000000000000000000 ) ) ;
#81 = EDGE_CURVE ( 'NONE', #986, #1055, #575, .T. ) ;
#82 =( NAMED_UNIT ( * ) PLANE_ANGLE_UNIT ( ) SI_UNIT ( $, .RADIAN. ) );
#83 = CARTESIAN_POINT ( 'NONE',  ( -3.995000000000000107, 0.8005000000000001004, 0.000000000000000000 ) ) ;
#84 =( GEOMETRIC_REPRESENTATION_CONTEXT ( 3 ) GLOBAL_UNCERTAINTY_ASSIGNED_CONTEXT ( ( #882 ) ) GLOBAL_UNIT_ASSIGNED_CONTEXT ( ( #1126, #923, #515 ) ) REPRESENTATION_CONTEXT ( 'NONE', 'WORKASPACE' ) );
#85 = VECTOR ( 'NONE', #440, 1000.000000000000000 ) ;
#86 = COLOUR_RGB ( '',0.5372549019607842924, 0.3490196078431372362, 0.3372549019607843368 ) ;
#87 = EDGE_LOOP ( 'NONE', ( #907, #346, #280, #1261 ) ) ;
#88 = FILL_AREA_STYLE ('',( #1247 ) ) ;
#89 = COLOUR_RGB ( '',0.5372549019607842924, 0.3490196078431372362, 0.3372549019607843368 ) ;
#90 = EDGE_LOOP ( 'NONE', ( #895, #606, #1096, #815 ) ) ;
#91 = LINE ( 'NONE', #519, #586 ) ;
#92 = DIRECTION ( 'NONE',  ( -1.000000000000000000, 0.000000000000000000, 0.000000000000000000 ) ) ;
#93 = ADVANCED_FACE ( 'NONE', ( #1078 ), #357, .F. ) ;
#94 = FACE_OUTER_BOUND ( 'NONE', #1303, .T. ) ;
#95 = SURFACE_STYLE_FILL_AREA ( #542 ) ;
#96 = SURFACE_SIDE_STYLE ('',( #744 ) ) ;
#97 = ORIENTED_EDGE ( 'NONE', *, *, #677, .T. ) ;
#98 = DIRECTION ( 'NONE',  ( 1.594414959537506434E-16, -0.000000000000000000, -1.000000000000000000 ) ) ;
#99 = FACE_OUTER_BOUND ( 'NONE', #947, .T. ) ;
#100 = SURFACE_STYLE_FILL_AREA ( #865 ) ;
#101 = ORIENTED_EDGE ( 'NONE', *, *, #419, .T. ) ;
#102 = PRESENTATION_STYLE_ASSIGNMENT (( #1056 ) ) ;
#103 = CARTESIAN_POINT ( 'NONE',  ( -3.995000000000000107, 0.8005000000000001004, 2.720000000000000195 ) ) ;
#104 = AXIS2_PLACEMENT_3D ( 'NONE', #428, #639, #10 ) ;
#105 = PRESENTATION_LAYER_ASSIGNMENT (  '', '', ( #996 ) ) ;
#106 = SURFACE_STYLE_USAGE ( .BOTH. , #638 ) ;
#107 = AXIS2_PLACEMENT_3D ( 'NONE', #1327, #818, #387 ) ;
#108 = EDGE_CURVE ( 'NONE', #190, #114, #560, .T. ) ;
#109 = ORIENTED_EDGE ( 'NONE', *, *, #539, .T. ) ;
#110 = CARTESIAN_POINT ( 'NONE',  ( 1.494999999999999440, 0.7995000000000000995, -2.720000000000000195 ) ) ;
#111 = UNCERTAINTY_MEASURE_WITH_UNIT (LENGTH_MEASURE( 1.000000000000000082E-05 ), #555, 'distance_accuracy_value', 'NONE');
#112 = FILL_AREA_STYLE ('',( #627 ) ) ;
#113 = CARTESIAN_POINT ( 'NONE',  ( -3.995000000000000107, 0.8000000000000000444, 2.720000000000000195 ) ) ;
#114 = VERTEX_POINT ( 'NONE', #877 ) ;
#115 = CARTESIAN_POINT ( 'NONE',  ( 1.494999999999999440, 0.8005000000000001004, -2.720000000000000195 ) ) ;
#116 = DIRECTION ( 'NONE',  ( 0.000000000000000000, 1.000000000000000000, 0.000000000000000000 ) ) ;
#117 = LINE ( 'NONE', #838, #758 ) ;
#118 = FILL_AREA_STYLE_COLOUR ( '', #605 ) ;
#119 = UNCERTAINTY_MEASURE_WITH_UNIT (LENGTH_MEASURE( 1.000000000000000082E-05 ), #761, 'distance_accuracy_value', 'NONE');
#120 = VERTEX_POINT ( 'NONE', #251 ) ;
#121 = DIRECTION ( 'NONE',  ( -0.000000000000000000, -1.000000000000000000, -0.000000000000000000 ) ) ;
#122 = ADVANCED_FACE ( 'NONE', ( #772 ), #678, .T. ) ;
#123 = FILL_AREA_STYLE_COLOUR ( '', #591 ) ;
#124 = CARTESIAN_POINT ( 'NONE',  ( -3.995000000000000107, 0.7995000000000000995, -2.720000000000000195 ) ) ;
#125 = SURFACE_STYLE_USAGE ( .BOTH. , #1302 ) ;
#126 = PRESENTATION_LAYER_ASSIGNMENT (  '', '', ( #864 ) ) ;
#127 = ORIENTED_EDGE ( 'NONE', *, *, #322, .F. ) ;
#128 = DIRECTION ( 'NONE',  ( 0.000000000000000000, 0.000000000000000000, 1.000000000000000000 ) ) ;
#129 = PRESENTATION_LAYER_ASSIGNMENT (  '', '', ( #585 ) ) ;
#130 = PRESENTATION_LAYER_ASSIGNMENT (  '', '', ( #997 ) ) ;
#131 = MECHANICAL_DESIGN_GEOMETRIC_PRESENTATION_REPRESENTATION (  '', ( #6 ), #977 ) ;
#132 = CLOSED_SHELL ( 'NONE', ( #898, #992, #93, #817, #897, #283, #237, #122 ) ) ;
#133 = SURFACE_SIDE_STYLE ('',( #19 ) ) ;
#134 = FILL_AREA_STYLE_COLOUR ( '', #452 ) ;
#135 = CARTESIAN_POINT ( 'NONE',  ( -3.995000000000000107, 0.8000000000000000444, 2.720000000000000195 ) ) ;
#136 = EDGE_CURVE ( 'NONE', #1050, #1101, #1141, .T. ) ;
#137 = SURFACE_SIDE_STYLE ('',( #1190 ) ) ;
#138 = SURFACE_STYLE_USAGE ( .BOTH. , #576 ) ;
#139 = ORIENTED_EDGE ( 'NONE', *, *, #460, .T. ) ;
#140 = CARTESIAN_POINT ( 'NONE',  ( -3.995000000000000107, 0.8000000000000000444, 0.000000000000000000 ) ) ;
#141 = DIRECTION ( 'NONE',  ( 0.000000000000000000, 1.000000000000000000, 0.000000000000000000 ) ) ;
#142 = UNCERTAINTY_MEASURE_WITH_UNIT (LENGTH_MEASURE( 1.000000000000000082E-05 ), #433, 'distance_accuracy_value', 'NONE');
#143 = FILL_AREA_STYLE ('',( #556 ) ) ;
#144 = DIRECTION ( 'NONE',  ( -0.000000000000000000, -1.000000000000000000, -0.000000000000000000 ) ) ;
#145 = SURFACE_STYLE_FILL_AREA ( #459 ) ;
#146 = EDGE_CURVE ( 'NONE', #722, #763, #56, .T. ) ;
#147 = ORIENTED_EDGE ( 'NONE', *, *, #690, .T. ) ;
#148 = UNCERTAINTY_MEASURE_WITH_UNIT (LENGTH_MEASURE( 1.000000000000000082E-05 ), #50, 'distance_accuracy_value', 'NONE');
#149 = EDGE_CURVE ( 'NONE', #636, #516, #1006, .T. ) ;
#150 = VERTEX_POINT ( 'NONE', #905 ) ;
#151 = LINE ( 'NONE', #1003, #1018 ) ;
#152 = COLOUR_RGB ( '',0.5372549019607842924, 0.3490196078431372362, 0.3372549019607843368 ) ;
#153 = VECTOR ( 'NONE', #837, 1000.000000000000000 ) ;
#154 = SURFACE_STYLE_USAGE ( .BOTH. , #597 ) ;
#155 = VECTOR ( 'NONE', #235, 1000.000000000000000 ) ;
#156 = VECTOR ( 'NONE', #567, 1000.000000000000000 ) ;
#157 = MECHANICAL_DESIGN_GEOMETRIC_PRESENTATION_REPRESENTATION (  '', ( #610 ), #589 ) ;
#158 = CARTESIAN_POINT ( 'NONE',  ( -3.995000000000000107, 0.8005000000000001004, 2.720000000000000195 ) ) ;
#159 =( NAMED_UNIT ( * ) PLANE_ANGLE_UNIT ( ) SI_UNIT ( $, .RADIAN. ) );
#160 = VERTEX_POINT ( 'NONE', #911 ) ;
#161 = DIRECTION ( 'NONE',  ( 0.000000000000000000, 0.000000000000000000, 1.000000000000000000 ) ) ;
#162 = CARTESIAN_POINT ( 'NONE',  ( 3.995000000000000107, 0.8000000000000000444, 2.720000000000000195 ) ) ;
#163 = ORIENTED_EDGE ( 'NONE', *, *, #1138, .T. ) ;
#164 = PRESENTATION_STYLE_ASSIGNMENT (( #393 ) ) ;
#165 = ADVANCED_FACE ( 'NONE', ( #1221 ), #1012, .F. ) ;
#166 = DIRECTION ( 'NONE',  ( -1.000000000000000000, -0.000000000000000000, -0.000000000000000000 ) ) ;
#167 = SURFACE_STYLE_FILL_AREA ( #1124 ) ;
#168 = EDGE_LOOP ( 'NONE', ( #1114, #981, #563, #1271, #287, #68, #614, #1181 ) ) ;
#169 =( NAMED_UNIT ( * ) SI_UNIT ( $, .STERADIAN. ) SOLID_ANGLE_UNIT ( ) );
#170 = CARTESIAN_POINT ( 'NONE',  ( 3.995000000000000107, 0.8005000000000001004, 0.000000000000000000 ) ) ;
#171 =( GEOMETRIC_REPRESENTATION_CONTEXT ( 3 ) GLOBAL_UNCERTAINTY_ASSIGNED_CONTEXT ( ( #751 ) ) GLOBAL_UNIT_ASSIGNED_CONTEXT ( ( #896, #881, #886 ) ) REPRESENTATION_CONTEXT ( 'NONE', 'WORKASPACE' ) );
#172 = MECHANICAL_DESIGN_GEOMETRIC_PRESENTATION_REPRESENTATION (  '', ( #446 ), #84 ) ;
#173 = FILL_AREA_STYLE ('',( #64 ) ) ;
#174 = CIRCLE ( 'NONE', #198, 1.000000000000000222 ) ;
#175 = AXIS2_PLACEMENT_3D ( 'NONE', #312, #948, #398 ) ;
#176 = VECTOR ( 'NONE', #458, 1000.000000000000000 ) ;
#177 = MECHANICAL_DESIGN_GEOMETRIC_PRESENTATION_REPRESENTATION (  '', ( #469 ), #1245 ) ;
#178 = DIRECTION ( 'NONE',  ( 0.000000000000000000, 0.000000000000000000, -1.000000000000000000 ) ) ;
#179 =( GEOMETRIC_REPRESENTATION_CONTEXT ( 3 ) GLOBAL_UNCERTAINTY_ASSIGNED_CONTEXT ( ( #1314 ) ) GLOBAL_UNIT_ASSIGNED_CONTEXT ( ( #1037, #82, #513 ) ) REPRESENTATION_CONTEXT ( 'NONE', 'WORKASPACE' ) );
#180 = VERTEX_POINT ( 'NONE', #799 ) ;
#181 = CARTESIAN_POINT ( 'NONE',  ( 1.495000000000000329, 0.8005000000000001004, 2.720000000000000195 ) ) ;
#182 = PLANE ( 'NONE',  #1084 ) ;
#183 = DIRECTION ( 'NONE',  ( 0.000000000000000000, 0.000000000000000000, -1.000000000000000000 ) ) ;
#184 = ORIENTED_EDGE ( 'NONE', *, *, #1051, .T. ) ;
#185 = SURFACE_SIDE_STYLE ('',( #1137 ) ) ;
#186 = VERTEX_POINT ( 'NONE', #813 ) ;
#187 =( LENGTH_UNIT ( ) NAMED_UNIT ( * ) SI_UNIT ( .MILLI., .METRE. ) );
#188 = DIRECTION ( 'NONE',  ( -0.000000000000000000, -1.000000000000000000, -0.000000000000000000 ) ) ;
#189 = FACE_OUTER_BOUND ( 'NONE', #654, .T. ) ;
#190 = VERTEX_POINT ( 'NONE', #594 ) ;
#191 = CARTESIAN_POINT ( 'NONE',  ( 3.995000000000000107, 0.8005000000000001004, 2.720000000000000195 ) ) ;
#192 = VERTEX_POINT ( 'NONE', #599 ) ;
#193 =( NAMED_UNIT ( * ) SI_UNIT ( $, .STERADIAN. ) SOLID_ANGLE_UNIT ( ) );
#194 = CARTESIAN_POINT ( 'NONE',  ( -3.995000000000000107, 0.8000000000000000444, 2.720000000000000195 ) ) ;
#195 = PRESENTATION_LAYER_ASSIGNMENT (  '', '', ( #446 ) ) ;
#196 = CARTESIAN_POINT ( 'NONE',  ( -3.995000000000000107, 0.8005000000000001004, 0.000000000000000000 ) ) ;
#197 = MECHANICAL_DESIGN_GEOMETRIC_PRESENTATION_REPRESENTATION (  '', ( #385 ), #512 ) ;
#198 = AXIS2_PLACEMENT_3D ( 'NONE', #324, #309, #742 ) ;
#199 = PRESENTATION_LAYER_ASSIGNMENT (  '', '', ( #610 ) ) ;
#200 = PLANE ( 'NONE',  #1106 ) ;
#201 = LINE ( 'NONE', #1343, #382 ) ;
#202 = APPLICATION_PROTOCOL_DEFINITION ( 'draft international standard', 'automotive_design', 1998, #1218 ) ;
#203 = ORIENTED_EDGE ( 'NONE', *, *, #1135, .T. ) ;
#204 = SURFACE_STYLE_FILL_AREA ( #289 ) ;
#205 = DIRECTION ( 'NONE',  ( 0.000000000000000000, 0.000000000000000000, 1.000000000000000000 ) ) ;
#206 = SURFACE_STYLE_USAGE ( .BOTH. , #1048 ) ;
#207 = ORIENTED_EDGE ( 'NONE', *, *, #664, .T. ) ;
#208 = ORIENTED_EDGE ( 'NONE', *, *, #276, .T. ) ;
#209 = LINE ( 'NONE', #2, #293 ) ;
#210 = EDGE_CURVE ( 'NONE', #451, #180, #1044, .T. ) ;
#211 = ORIENTED_EDGE ( 'NONE', *, *, #504, .F. ) ;
#212 = PRESENTATION_STYLE_ASSIGNMENT (( #843 ) ) ;
#213 = EDGE_LOOP ( 'NONE', ( #414, #945, #228, #673, #640, #253 ) ) ;
#214 = SURFACE_STYLE_FILL_AREA ( #1165 ) ;
#215 = DIRECTION ( 'NONE',  ( -1.000000000000000000, 0.000000000000000000, 0.000000000000000000 ) ) ;
#216 = AXIS2_PLACEMENT_3D ( 'NONE', #736, #527, #1158 ) ;
#217 =( GEOMETRIC_REPRESENTATION_CONTEXT ( 3 ) GLOBAL_UNCERTAINTY_ASSIGNED_CONTEXT ( ( #221 ) ) GLOBAL_UNIT_ASSIGNED_CONTEXT ( ( #41, #1332, #1311 ) ) REPRESENTATION_CONTEXT ( 'NONE', 'WORKASPACE' ) );
#218 = DIRECTION ( 'NONE',  ( 0.000000000000000000, 0.000000000000000000, 1.000000000000000000 ) ) ;
#219 = EDGE_CURVE ( 'NONE', #114, #1050, #1235, .T. ) ;
#220 = VECTOR ( 'NONE', #378, 1000.000000000000000 ) ;
#221 = UNCERTAINTY_MEASURE_WITH_UNIT (LENGTH_MEASURE( 1.000000000000000082E-05 ), #41, 'distance_accuracy_value', 'NONE');
#222 = VERTEX_POINT ( 'NONE', #483 ) ;
#223 = CARTESIAN_POINT ( 'NONE',  ( -3.995000000000000107, -0.8000000000000000444, 2.720000000000000195 ) ) ;
#224 = SURFACE_SIDE_STYLE ('',( #732 ) ) ;
#225 = ORIENTED_EDGE ( 'NONE', *, *, #959, .F. ) ;
#226 = DIRECTION ( 'NONE',  ( 0.000000000000000000, 1.000000000000000000, 0.000000000000000000 ) ) ;
#227 = ADVANCED_FACE ( 'NONE', ( #1338 ), #297, .F. ) ;
#228 = ORIENTED_EDGE ( 'NONE', *, *, #695, .T. ) ;
#229 = DIRECTION ( 'NONE',  ( -0.000000000000000000, -1.000000000000000000, -0.000000000000000000 ) ) ;
#230 = FILL_AREA_STYLE ('',( #659 ) ) ;
#231 = CARTESIAN_POINT ( 'NONE',  ( -3.995000000000000107, 0.8000000000000000444, -1.000000000000000444 ) ) ;
#232 = CARTESIAN_POINT ( 'NONE',  ( -3.995000000000000107, 0.8000000000000000444, -2.720000000000000195 ) ) ;
#233 = CARTESIAN_POINT ( 'NONE',  ( 3.995000000000000107, 0.8005000000000001004, 2.720000000000000195 ) ) ;
#234 = ORIENTED_EDGE ( 'NONE', *, *, #1194, .F. ) ;
#235 = DIRECTION ( 'NONE',  ( -0.000000000000000000, -1.000000000000000000, -0.000000000000000000 ) ) ;
#236 = CARTESIAN_POINT ( 'NONE',  ( 1.494999999999999440, 0.8005000000000001004, -2.720000000000000195 ) ) ;
#237 = ADVANCED_FACE ( 'NONE', ( #189 ), #1047, .F. ) ;
#238 = CARTESIAN_POINT ( 'NONE',  ( 3.995000000000000107, 0.8000000000000000444, -2.720000000000000195 ) ) ;
#239 = PRESENTATION_STYLE_ASSIGNMENT (( #900 ) ) ;
#240 = PLANE ( 'NONE',  #1287 ) ;
#241 = STYLED_ITEM ( 'NONE', ( #212 ), #817 ) ;
#242 = VECTOR ( 'NONE', #788, 1000.000000000000000 ) ;
#243 = ORIENTED_EDGE ( 'NONE', *, *, #108, .T. ) ;
#244 = FACE_OUTER_BOUND ( 'NONE', #1342, .T. ) ;
#245 = MECHANICAL_DESIGN_GEOMETRIC_PRESENTATION_REPRESENTATION (  '', ( #1103 ), #266 ) ;
#246 = VECTOR ( 'NONE', #693, 1000.000000000000000 ) ;
#247 = PRESENTATION_LAYER_ASSIGNMENT (  '', '', ( #609 ) ) ;
#248 =( NAMED_UNIT ( * ) PLANE_ANGLE_UNIT ( ) SI_UNIT ( $, .RADIAN. ) );
#249 = STYLED_ITEM ( 'NONE', ( #653 ), #1351 ) ;
#250 = DIRECTION ( 'NONE',  ( -0.000000000000000000, -1.000000000000000000, -0.000000000000000000 ) ) ;
#251 = CARTESIAN_POINT ( 'NONE',  ( 3.995000000000000107, 0.8005000000000001004, -1.000000000000000000 ) ) ;
#252 = CARTESIAN_POINT ( 'NONE',  ( -3.995000000000000107, -0.8005000000000001004, 0.000000000000000000 ) ) ;
#253 = ORIENTED_EDGE ( 'NONE', *, *, #1312, .F. ) ;
#254 = LINE ( 'NONE', #1211, #1239 ) ;
#255 = SURFACE_STYLE_USAGE ( .BOTH. , #366 ) ;
#256 = UNCERTAINTY_MEASURE_WITH_UNIT (LENGTH_MEASURE( 1.000000000000000082E-05 ), #867, 'distance_accuracy_value', 'NONE');
#257 = EDGE_CURVE ( 'NONE', #1324, #1285, #1188, .T. ) ;
#258 = FILL_AREA_STYLE ('',( #1213 ) ) ;
#259 = EDGE_CURVE ( 'NONE', #852, #1297, #943, .T. ) ;
#260 = ORIENTED_EDGE ( 'NONE', *, *, #796, .T. ) ;
#261 = CARTESIAN_POINT ( 'NONE',  ( 3.995000000000000107, 0.8005000000000001004, -1.000000000000000000 ) ) ;
#262 =( NAMED_UNIT ( * ) PLANE_ANGLE_UNIT ( ) SI_UNIT ( $, .RADIAN. ) );
#263 = DIRECTION ( 'NONE',  ( 1.000000000000000000, 0.000000000000000000, 0.000000000000000000 ) ) ;
#264 =( LENGTH_UNIT ( ) NAMED_UNIT ( * ) SI_UNIT ( .MILLI., .METRE. ) );
#265 = ORIENTED_EDGE ( 'NONE', *, *, #219, .F. ) ;
#266 =( GEOMETRIC_REPRESENTATION_CONTEXT ( 3 ) GLOBAL_UNCERTAINTY_ASSIGNED_CONTEXT ( ( #48 ) ) GLOBAL_UNIT_ASSIGNED_CONTEXT ( ( #906, #57, #1214 ) ) REPRESENTATION_CONTEXT ( 'NONE', 'WORKASPACE' ) );
#267 = FILL_AREA_STYLE_COLOUR ( '', #643 ) ;
#268 = VECTOR ( 'NONE', #1074, 1000.000000000000000 ) ;
#269 =( GEOMETRIC_REPRESENTATION_CONTEXT ( 3 ) GLOBAL_UNCERTAINTY_ASSIGNED_CONTEXT ( ( #580 ) ) GLOBAL_UNIT_ASSIGNED_CONTEXT ( ( #713, #1268, #193 ) ) REPRESENTATION_CONTEXT ( 'NONE', 'WORKASPACE' ) );
#270 = AXIS2_PLACEMENT_3D ( 'NONE', #696, #705, #379 ) ;
#271 = COLOUR_RGB ( '',0.5372549019607842924, 0.3490196078431372362, 0.3372549019607843368 ) ;
#272 = MECHANICAL_DESIGN_GEOMETRIC_PRESENTATION_REPRESENTATION (  '', ( #759 ), #565 ) ;
#273 = SURFACE_STYLE_USAGE ( .BOTH. , #1120 ) ;
#274 = ORIENTED_EDGE ( 'NONE', *, *, #146, .T. ) ;
#275 = LINE ( 'NONE', #1304, #246 ) ;
#276 = EDGE_CURVE ( 'NONE', #1270, #1364, #634, .T. ) ;
#277 = FILL_AREA_STYLE_COLOUR ( '', #1334 ) ;
#278 = CARTESIAN_POINT ( 'NONE',  ( 1.495000000000000329, 0.8005000000000001004, 2.720000000000000195 ) ) ;
#279 = FILL_AREA_STYLE_COLOUR ( '', #403 ) ;
#280 = ORIENTED_EDGE ( 'NONE', *, *, #956, .F. ) ;
#281 = FILL_AREA_STYLE_COLOUR ( '', #667 ) ;
#282 = LINE ( 'NONE', #718, #731 ) ;
#283 = ADVANCED_FACE ( 'NONE', ( #94 ), #454, .F. ) ;
#284 = PRESENTATION_STYLE_ASSIGNMENT (( #812 ) ) ;
#285 = CARTESIAN_POINT ( 'NONE',  ( -3.995000000000000107, 0.7995000000000000995, -2.720000000000000195 ) ) ;
#286 = DIRECTION ( 'NONE',  ( -0.000000000000000000, 1.000000000000000000, -0.000000000000000000 ) ) ;
#287 = ORIENTED_EDGE ( 'NONE', *, *, #1076, .T. ) ;
#288 = DIRECTION ( 'NONE',  ( -0.000000000000000000, -1.000000000000000000, -0.000000000000000000 ) ) ;
#289 = FILL_AREA_STYLE ('',( #811 ) ) ;
#290 = VECTOR ( 'NONE', #920, 1000.000000000000000 ) ;
#291 = MECHANICAL_DESIGN_GEOMETRIC_PRESENTATION_REPRESENTATION (  '', ( #996 ), #801 ) ;
#292 = FACE_OUTER_BOUND ( 'NONE', #708, .T. ) ;
#293 = VECTOR ( 'NONE', #437, 1000.000000000000000 ) ;
#294 = COLOUR_RGB ( '',0.1098039215686274495, 0.1098039215686274495, 0.1098039215686274495 ) ;
#295 = EDGE_CURVE ( 'NONE', #1061, #1324, #481, .T. ) ;
#296 = COLOUR_RGB ( '',0.1098039215686274495, 0.1098039215686274495, 0.1098039215686274495 ) ;
#297 = PLANE ( 'NONE',  #1001 ) ;
#298 = SURFACE_STYLE_USAGE ( .BOTH. , #1242 ) ;
#299 = ORIENTED_EDGE ( 'NONE', *, *, #777, .T. ) ;
#300 = SURFACE_STYLE_USAGE ( .BOTH. , #834 ) ;
#301 = LINE ( 'NONE', #1352, #533 ) ;
#302 = CARTESIAN_POINT ( 'NONE',  ( 3.995000000000000107, 0.8000000000000000444, -1.000000000000000222 ) ) ;
#303 = EDGE_CURVE ( 'NONE', #1160, #760, #579, .T. ) ;
#304 = ORIENTED_EDGE ( 'NONE', *, *, #613, .T. ) ;
#305 = DIRECTION ( 'NONE',  ( 1.000000000000000000, 0.000000000000000000, 0.000000000000000000 ) ) ;
#306 =( NAMED_UNIT ( * ) PLANE_ANGLE_UNIT ( ) SI_UNIT ( $, .RADIAN. ) );
#307 = DIRECTION ( 'NONE',  ( -0.000000000000000000, -1.000000000000000000, 0.000000000000000000 ) ) ;
#308 = DIRECTION ( 'NONE',  ( 0.000000000000000000, -0.000000000000000000, -1.000000000000000000 ) ) ;
#309 = DIRECTION ( 'NONE',  ( -0.000000000000000000, -1.000000000000000000, 0.000000000000000000 ) ) ;
#310 = LINE ( 'NONE', #1053, #1363 ) ;
#311 = APPLICATION_PROTOCOL_DEFINITION ( 'draft international standard', 'automotive_design', 1998, #1293 ) ;
#312 = CARTESIAN_POINT ( 'NONE',  ( 3.995000000000000107, -0.8005000000000001004, 0.000000000000000000 ) ) ;
#313 = DIRECTION ( 'NONE',  ( -0.000000000000000000, -1.000000000000000000, -0.000000000000000000 ) ) ;
#314 = AXIS2_PLACEMENT_3D ( 'NONE', #1015, #486, #1033 ) ;
#315 = VECTOR ( 'NONE', #1009, 1000.000000000000000 ) ;
#316 = AXIS2_PLACEMENT_3D ( 'NONE', #929, #944, #934 ) ;
#317 = VECTOR ( 'NONE', #443, 1000.000000000000000 ) ;
#318 = MECHANICAL_DESIGN_GEOMETRIC_PRESENTATION_REPRESENTATION (  '', ( #364 ), #712 ) ;
#319 =( LENGTH_UNIT ( ) NAMED_UNIT ( * ) SI_UNIT ( .MILLI., .METRE. ) );
#320 = ORIENTED_EDGE ( 'NONE', *, *, #13, .F. ) ;
#321 = CARTESIAN_POINT ( 'NONE',  ( 3.995000000000000107, -0.8000000000000000444, 0.000000000000000000 ) ) ;
#322 = EDGE_CURVE ( 'NONE', #190, #507, #602, .T. ) ;
#323 = LINE ( 'NONE', #724, #1045 ) ;
#324 = CARTESIAN_POINT ( 'NONE',  ( -3.995000000000000107, 0.8000000000000000444, 0.000000000000000000 ) ) ;
#325 = VERTEX_POINT ( 'NONE', #1345 ) ;
#326 = FACE_OUTER_BOUND ( 'NONE', #621, .T. ) ;
#327 = ORIENTED_EDGE ( 'NONE', *, *, #840, .F. ) ;
#328 = CARTESIAN_POINT ( 'NONE',  ( 3.995000000000000107, -0.8000000000000000444, 1.399999999999999911 ) ) ;
#329 = SURFACE_SIDE_STYLE ('',( #1276 ) ) ;
#330 = ORIENTED_EDGE ( 'NONE', *, *, #796, .F. ) ;
#331 = CARTESIAN_POINT ( 'NONE',  ( 3.995000000000000107, -0.8000000000000000444, -2.720000000000000195 ) ) ;
#332 = LINE ( 'NONE', #7, #27 ) ;
#333 = SURFACE_STYLE_USAGE ( .BOTH. , #418 ) ;
#334 = PRESENTATION_LAYER_ASSIGNMENT (  '', '', ( #1217 ) ) ;
#335 = CIRCLE ( 'NONE', #492, 1.000000000000000000 ) ;
#336 =( NAMED_UNIT ( * ) PLANE_ANGLE_UNIT ( ) SI_UNIT ( $, .RADIAN. ) );
#337 = PLANE ( 'NONE',  #104 ) ;
#338 = PRESENTATION_LAYER_ASSIGNMENT (  '', '', ( #6 ) ) ;
#339 = UNCERTAINTY_MEASURE_WITH_UNIT (LENGTH_MEASURE( 1.000000000000000082E-05 ), #187, 'distance_accuracy_value', 'NONE');
#340 = ORIENTED_EDGE ( 'NONE', *, *, #1066, .F. ) ;
#341 = CARTESIAN_POINT ( 'NONE',  ( 3.995000000000000107, -0.8005000000000001004, -1.000000000000000222 ) ) ;
#342 = STYLED_ITEM ( 'NONE', ( #836 ), #283 ) ;
#343 =( LENGTH_UNIT ( ) NAMED_UNIT ( * ) SI_UNIT ( .MILLI., .METRE. ) );
#344 = CARTESIAN_POINT ( 'NONE',  ( -3.995000000000000107, -0.8005000000000001004, -1.000000000000000000 ) ) ;
#345 = PLANE ( 'NONE',  #107 ) ;
#346 = ORIENTED_EDGE ( 'NONE', *, *, #794, .F. ) ;
#347 = DIRECTION ( 'NONE',  ( -0.000000000000000000, 1.000000000000000000, -0.000000000000000000 ) ) ;
#348 = PRESENTATION_STYLE_ASSIGNMENT (( #770 ) ) ;
#349 =( NAMED_UNIT ( * ) SI_UNIT ( $, .STERADIAN. ) SOLID_ANGLE_UNIT ( ) );
#350 = CARTESIAN_POINT ( 'NONE',  ( -3.995000000000000107, 0.8005000000000001004, -1.000000000000000222 ) ) ;
#351 =( NAMED_UNIT ( * ) SI_UNIT ( $, .STERADIAN. ) SOLID_ANGLE_UNIT ( ) );
#352 = MANIFOLD_SOLID_BREP ( 'Boss-Extrude2[1]', #132 ) ;
#353 = ORIENTED_EDGE ( 'NONE', *, *, #695, .F. ) ;
#354 = CARTESIAN_POINT ( 'NONE',  ( -3.995000000000000107, -0.8005000000000001004, 1.000000000000000000 ) ) ;
#355 = UNCERTAINTY_MEASURE_WITH_UNIT (LENGTH_MEASURE( 1.000000000000000082E-05 ), #901, 'distance_accuracy_value', 'NONE');
#356 = CARTESIAN_POINT ( 'NONE',  ( 3.995000000000000107, -0.8000000000000000444, 2.720000000000000195 ) ) ;
#357 = PLANE ( 'NONE',  #1317 ) ;
#358 = COLOUR_RGB ( '',0.7921568627450980005, 0.8196078431372548767, 0.9333333333333333481 ) ;
#359 = STYLED_ITEM ( 'NONE', ( #670 ), #872 ) ;
#360 = ORIENTED_EDGE ( 'NONE', *, *, #476, .F. ) ;
#361 = LINE ( 'NONE', #681, #1060 ) ;
#362 = COLOUR_RGB ( '',0.5372549019607842924, 0.3490196078431372362, 0.3372549019607843368 ) ;
#363 = MECHANICAL_DESIGN_GEOMETRIC_PRESENTATION_REPRESENTATION (  '', ( #1199 ), #891 ) ;
#364 = STYLED_ITEM ( 'NONE', ( #239 ), #122 ) ;
#365 = EDGE_CURVE ( 'NONE', #120, #852, #1097, .T. ) ;
#366 = SURFACE_SIDE_STYLE ('',( #1070 ) ) ;
#367 = PRESENTATION_LAYER_ASSIGNMENT (  '', '', ( #1024 ) ) ;
#368 = UNCERTAINTY_MEASURE_WITH_UNIT (LENGTH_MEASURE( 1.000000000000000082E-05 ), #72, 'distance_accuracy_value', 'NONE');
#369 = EDGE_CURVE ( 'NONE', #1055, #222, #1196, .T. ) ;
#370 = SURFACE_STYLE_USAGE ( .BOTH. , #990 ) ;
#371 =( NAMED_UNIT ( * ) SI_UNIT ( $, .STERADIAN. ) SOLID_ANGLE_UNIT ( ) );
#372 = SURFACE_SIDE_STYLE ('',( #1318 ) ) ;
#373 = EDGE_LOOP ( 'NONE', ( #723, #147, #139, #680 ) ) ;
#374 = MANIFOLD_SOLID_BREP ( 'Boss-Extrude2[2]', #426 ) ;
#375 = FILL_AREA_STYLE ('',( #1320 ) ) ;
#376 = ORIENTED_EDGE ( 'NONE', *, *, #392, .T. ) ;
#377 = CARTESIAN_POINT ( 'NONE',  ( 3.995000000000000107, -0.8005000000000001004, -1.399999999999999911 ) ) ;
#378 = DIRECTION ( 'NONE',  ( 1.000000000000000000, 0.000000000000000000, 0.000000000000000000 ) ) ;
#379 = DIRECTION ( 'NONE',  ( 0.000000000000000000, 0.000000000000000000, 1.000000000000000000 ) ) ;
#380 = ADVANCED_FACE ( 'NONE', ( #1216 ), #471, .F. ) ;
#381 = EDGE_LOOP ( 'NONE', ( #163, #528, #340, #1039 ) ) ;
#382 = VECTOR ( 'NONE', #1040, 1000.000000000000000 ) ;
#383 = PRESENTATION_LAYER_ASSIGNMENT (  '', '', ( #824 ) ) ;
#384 = CARTESIAN_POINT ( 'NONE',  ( 3.995000000000000107, 0.8005000000000001004, -2.720000000000000195 ) ) ;
#385 = STYLED_ITEM ( 'NONE', ( #102 ), #568 ) ;
#386 = CIRCLE ( 'NONE', #918, 1.000000000000000000 ) ;
#387 = DIRECTION ( 'NONE',  ( 0.000000000000000000, -0.000000000000000000, -1.000000000000000000 ) ) ;
#388 = DIRECTION ( 'NONE',  ( 0.000000000000000000, -1.000000000000000000, 0.000000000000000000 ) ) ;
#389 = FACE_OUTER_BOUND ( 'NONE', #87, .T. ) ;
#390 = ORIENTED_EDGE ( 'NONE', *, *, #794, .T. ) ;
#391 = SURFACE_STYLE_USAGE ( .BOTH. , #185 ) ;
#392 = EDGE_CURVE ( 'NONE', #407, #739, #91, .T. ) ;
#393 = SURFACE_STYLE_USAGE ( .BOTH. , #909 ) ;
#394 = PRESENTATION_STYLE_ASSIGNMENT (( #805 ) ) ;
#395 = CARTESIAN_POINT ( 'NONE',  ( -3.995000000000000107, 0.8005000000000001004, 0.000000000000000000 ) ) ;
#396 = ORIENTED_EDGE ( 'NONE', *, *, #690, .F. ) ;
#397 = CARTESIAN_POINT ( 'NONE',  ( 3.995000000000000107, 0.8005000000000001004, 0.000000000000000000 ) ) ;
#398 = DIRECTION ( 'NONE',  ( 0.000000000000000000, 0.000000000000000000, -1.000000000000000000 ) ) ;
#399 = PRODUCT_DEFINITION ( 'UNKNOWN', '', #828, #869 ) ;
#400 = PLANE ( 'NONE',  #316 ) ;
#401 = ORIENTED_EDGE ( 'NONE', *, *, #633, .F. ) ;
#402 =( GEOMETRIC_REPRESENTATION_CONTEXT ( 3 ) GLOBAL_UNCERTAINTY_ASSIGNED_CONTEXT ( ( #450 ) ) GLOBAL_UNIT_ASSIGNED_CONTEXT ( ( #951, #1179, #750 ) ) REPRESENTATION_CONTEXT ( 'NONE', 'WORKASPACE' ) );
#403 = COLOUR_RGB ( '',0.1098039215686274495, 0.1098039215686274495, 0.1098039215686274495 ) ;
#404 = EDGE_CURVE ( 'NONE', #1348, #114, #282, .T. ) ;
#405 =( GEOMETRIC_REPRESENTATION_CONTEXT ( 3 ) GLOBAL_UNCERTAINTY_ASSIGNED_CONTEXT ( ( #256 ) ) GLOBAL_UNIT_ASSIGNED_CONTEXT ( ( #867, #660, #1207 ) ) REPRESENTATION_CONTEXT ( 'NONE', 'WORKASPACE' ) );
#406 =( NAMED_UNIT ( * ) SI_UNIT ( $, .STERADIAN. ) SOLID_ANGLE_UNIT ( ) );
#407 = VERTEX_POINT ( 'NONE', #509 ) ;
#408 = CARTESIAN_POINT ( 'NONE',  ( -3.995000000000000107, 0.8000000000000000444, -2.720000000000000195 ) ) ;
#409 = FACE_OUTER_BOUND ( 'NONE', #993, .T. ) ;
#410 = SURFACE_STYLE_USAGE ( .BOTH. , #133 ) ;
#411 = FILL_AREA_STYLE_COLOUR ( '', #532 ) ;
#412 = EDGE_LOOP ( 'NONE', ( #79, #207, #101, #429 ) ) ;
#413 = CARTESIAN_POINT ( 'NONE',  ( 3.995000000000000107, 0.8000000000000000444, 1.000000000000000000 ) ) ;
#414 = ORIENTED_EDGE ( 'NONE', *, *, #1267, .T. ) ;
#415 =( NAMED_UNIT ( * ) PLANE_ANGLE_UNIT ( ) SI_UNIT ( $, .RADIAN. ) );
#416 = CARTESIAN_POINT ( 'NONE',  ( -3.995000000000000107, 0.7995000000000000995, 0.000000000000000000 ) ) ;
#417 =( NAMED_UNIT ( * ) PLANE_ANGLE_UNIT ( ) SI_UNIT ( $, .RADIAN. ) );
#418 = SURFACE_SIDE_STYLE ('',( #1147 ) ) ;
#419 = EDGE_CURVE ( 'NONE', #636, #150, #825, .T. ) ;
#420 = PRODUCT_CONTEXT ( 'NONE', #1218, 'mechanical' ) ;
#421 = EDGE_LOOP ( 'NONE', ( #1073, #752, #260, #1035, #1132, #1250 ) ) ;
#422 = CARTESIAN_POINT ( 'NONE',  ( -1.495000000000000329, 0.7995000000000000995, 2.720000000000000195 ) ) ;
#423 = FILL_AREA_STYLE_COLOUR ( '', #296 ) ;
#424 =( NAMED_UNIT ( * ) SI_UNIT ( $, .STERADIAN. ) SOLID_ANGLE_UNIT ( ) );
#425 = MECHANICAL_DESIGN_GEOMETRIC_PRESENTATION_REPRESENTATION (  '', ( #1244 ), #1085 ) ;
#426 = CLOSED_SHELL ( 'NONE', ( #1177, #854, #380, #1200, #914, #568, #704, #831 ) ) ;
#427 = SURFACE_STYLE_USAGE ( .BOTH. , #329 ) ;
#428 = CARTESIAN_POINT ( 'NONE',  ( -1.494999999999999440, 0.8005000000000001004, -2.720000000000000195 ) ) ;
#429 = ORIENTED_EDGE ( 'NONE', *, *, #1117, .T. ) ;
#430 =( NAMED_UNIT ( * ) PLANE_ANGLE_UNIT ( ) SI_UNIT ( $, .RADIAN. ) );
#431 = ADVANCED_FACE ( 'NONE', ( #409 ), #182, .F. ) ;
#432 = CARTESIAN_POINT ( 'NONE',  ( 3.995000000000000107, 0.7995000000000000995, -2.720000000000000195 ) ) ;
#433 =( LENGTH_UNIT ( ) NAMED_UNIT ( * ) SI_UNIT ( .MILLI., .METRE. ) );
#434 = FILL_AREA_STYLE ('',( #118 ) ) ;
#435 = ORIENTED_EDGE ( 'NONE', *, *, #257, .F. ) ;
#436 = DIRECTION ( 'NONE',  ( -0.000000000000000000, -1.000000000000000000, -0.000000000000000000 ) ) ;
#437 = DIRECTION ( 'NONE',  ( 0.000000000000000000, 0.000000000000000000, -1.000000000000000000 ) ) ;
#438 = PLANE ( 'NONE',  #49 ) ;
#439 = ORIENTED_EDGE ( 'NONE', *, *, #303, .F. ) ;
#440 = DIRECTION ( 'NONE',  ( -0.000000000000000000, -1.000000000000000000, -0.000000000000000000 ) ) ;
#441 = SURFACE_SIDE_STYLE ('',( #100 ) ) ;
#442 = SURFACE_STYLE_FILL_AREA ( #20 ) ;
#443 = DIRECTION ( 'NONE',  ( -0.000000000000000000, -1.000000000000000000, -0.000000000000000000 ) ) ;
#444 = MECHANICAL_DESIGN_GEOMETRIC_PRESENTATION_REPRESENTATION (  '', ( #1284 ), #23 ) ;
#445 = ADVANCED_FACE ( 'NONE', ( #926 ), #1234, .F. ) ;
#446 = STYLED_ITEM ( 'NONE', ( #604 ), #897 ) ;
#447 = DIRECTION ( 'NONE',  ( 0.000000000000000000, 0.000000000000000000, -1.000000000000000000 ) ) ;
#448 =( NAMED_UNIT ( * ) SI_UNIT ( $, .STERADIAN. ) SOLID_ANGLE_UNIT ( ) );
#449 = CIRCLE ( 'NONE', #1220, 1.000000000000000000 ) ;
#450 = UNCERTAINTY_MEASURE_WITH_UNIT (LENGTH_MEASURE( 1.000000000000000082E-05 ), #951, 'distance_accuracy_value', 'NONE');
#451 = VERTEX_POINT ( 'NONE', #341 ) ;
#452 = COLOUR_RGB ( '',0.1098039215686274495, 0.1098039215686274495, 0.1098039215686274495 ) ;
#453 = VECTOR ( 'NONE', #1182, 1000.000000000000000 ) ;
#454 = PLANE ( 'NONE',  #866 ) ;
#455 = FACE_OUTER_BOUND ( 'NONE', #168, .T. ) ;
#456 = LINE ( 'NONE', #778, #317 ) ;
#457 = FILL_AREA_STYLE_COLOUR ( '', #152 ) ;
#458 = DIRECTION ( 'NONE',  ( 1.594414959537506434E-16, -0.000000000000000000, -1.000000000000000000 ) ) ;
#459 = FILL_AREA_STYLE ('',( #457 ) ) ;
#460 = EDGE_CURVE ( 'NONE', #1355, #1370, #802, .T. ) ;
#461 = ORIENTED_EDGE ( 'NONE', *, *, #647, .F. ) ;
#462 = UNCERTAINTY_MEASURE_WITH_UNIT (LENGTH_MEASURE( 1.000000000000000082E-05 ), #904, 'distance_accuracy_value', 'NONE');
#463 =( NAMED_UNIT ( * ) SI_UNIT ( $, .STERADIAN. ) SOLID_ANGLE_UNIT ( ) );
#464 = VECTOR ( 'NONE', #288, 1000.000000000000000 ) ;
#465 = AXIS2_PLACEMENT_3D ( 'NONE', #395, #1360, #178 ) ;
#466 = AXIS2_PLACEMENT_3D ( 'NONE', #321, #229, #740 ) ;
#467 = ORIENTED_EDGE ( 'NONE', *, *, #547, .F. ) ;
#468 =( GEOMETRIC_REPRESENTATION_CONTEXT ( 3 ) GLOBAL_UNCERTAINTY_ASSIGNED_CONTEXT ( ( #462 ) ) GLOBAL_UNIT_ASSIGNED_CONTEXT ( ( #904, #598, #1011 ) ) REPRESENTATION_CONTEXT ( 'NONE', 'WORKASPACE' ) );
#469 = STYLED_ITEM ( 'NONE', ( #1105 ), #93 ) ;
#470 = AXIS2_PLACEMENT_3D ( 'NONE', #949, #1157, #205 ) ;
#471 = CYLINDRICAL_SURFACE ( 'NONE', #1337, 1.000000000000000000 ) ;
#472 = DIRECTION ( 'NONE',  ( 0.000000000000000000, 0.000000000000000000, -1.000000000000000000 ) ) ;
#473 = ORIENTED_EDGE ( 'NONE', *, *, #502, .F. ) ;
#474 = LINE ( 'NONE', #787, #561 ) ;
#475 = CARTESIAN_POINT ( 'NONE',  ( 3.995000000000000107, 0.8000000000000000444, 2.720000000000000195 ) ) ;
#476 = EDGE_CURVE ( 'NONE', #763, #61, #641, .T. ) ;
#477 = LINE ( 'NONE', #505, #1313 ) ;
#478 = CARTESIAN_POINT ( 'NONE',  ( 3.995000000000000107, -0.8005000000000001004, 1.399999999999999911 ) ) ;
#479 = VERTEX_POINT ( 'NONE', #746 ) ;
#480 = CARTESIAN_POINT ( 'NONE',  ( 3.995000000000000107, -0.8000000000000000444, 2.720000000000000195 ) ) ;
#481 = LINE ( 'NONE', #384, #290 ) ;
#482 = LINE ( 'NONE', #59, #849 ) ;
#483 = CARTESIAN_POINT ( 'NONE',  ( -3.995000000000000107, -0.8000000000000000444, 1.399999999999999911 ) ) ;
#484 = EDGE_CURVE ( 'NONE', #739, #1348, #769, .T. ) ;
#485 = ORIENTED_EDGE ( 'NONE', *, *, #1238, .F. ) ;
#486 = DIRECTION ( 'NONE',  ( -0.000000000000000000, -1.000000000000000000, -0.000000000000000000 ) ) ;
#487 = VECTOR ( 'NONE', #517, 1000.000000000000000 ) ;
#488 = PRESENTATION_LAYER_ASSIGNMENT (  '', '', ( #1083 ) ) ;
#489 = ORIENTED_EDGE ( 'NONE', *, *, #1321, .F. ) ;
#490 =( GEOMETRIC_REPRESENTATION_CONTEXT ( 3 ) GLOBAL_UNCERTAINTY_ASSIGNED_CONTEXT ( ( #1198 ) ) GLOBAL_UNIT_ASSIGNED_CONTEXT ( ( #820, #77, #1013 ) ) REPRESENTATION_CONTEXT ( 'NONE', 'WORKASPACE' ) );
#491 =( NAMED_UNIT ( * ) PLANE_ANGLE_UNIT ( ) SI_UNIT ( $, .RADIAN. ) );
#492 = AXIS2_PLACEMENT_3D ( 'NONE', #196, #1254, #1071 ) ;
#493 = VECTOR ( 'NONE', #922, 1000.000000000000000 ) ;
#494 = SURFACE_SIDE_STYLE ('',( #927 ) ) ;
#495 = CARTESIAN_POINT ( 'NONE',  ( 3.995000000000000107, 0.8005000000000001004, 2.720000000000000195 ) ) ;
#496 = ORIENTED_EDGE ( 'NONE', *, *, #146, .F. ) ;
#497 = LINE ( 'NONE', #1233, #464 ) ;
#498 = CARTESIAN_POINT ( 'NONE',  ( -3.995000000000000107, 0.8000000000000000444, -2.720000000000000195 ) ) ;
#499 = DIRECTION ( 'NONE',  ( -1.000000000000000000, 0.000000000000000000, -0.000000000000000000 ) ) ;
#500 = FILL_AREA_STYLE ('',( #73 ) ) ;
#501 = EDGE_LOOP ( 'NONE', ( #1168, #489, #797, #304 ) ) ;
#502 = EDGE_CURVE ( 'NONE', #516, #160, #1062, .T. ) ;
#503 = SURFACE_SIDE_STYLE ('',( #204 ) ) ;
#504 = EDGE_CURVE ( 'NONE', #1285, #1364, #658, .T. ) ;
#505 = CARTESIAN_POINT ( 'NONE',  ( -3.995000000000000107, 0.8000000000000000444, -2.720000000000000195 ) ) ;
#506 = DIRECTION ( 'NONE',  ( 0.000000000000000000, 0.000000000000000000, 1.000000000000000000 ) ) ;
#507 = VERTEX_POINT ( 'NONE', #982 ) ;
#508 = ORIENTED_EDGE ( 'NONE', *, *, #985, .F. ) ;
#509 = CARTESIAN_POINT ( 'NONE',  ( -3.995000000000000107, 0.7995000000000000995, 1.000000000000000000 ) ) ;
#510 = PRESENTATION_LAYER_ASSIGNMENT (  '', '', ( #1103 ) ) ;
#511 =( GEOMETRIC_REPRESENTATION_CONTEXT ( 3 ) GLOBAL_UNCERTAINTY_ASSIGNED_CONTEXT ( ( #545 ) ) GLOBAL_UNIT_ASSIGNED_CONTEXT ( ( #725, #417, #29 ) ) REPRESENTATION_CONTEXT ( 'NONE', 'WORKASPACE' ) );
#512 =( GEOMETRIC_REPRESENTATION_CONTEXT ( 3 ) GLOBAL_UNCERTAINTY_ASSIGNED_CONTEXT ( ( #1180 ) ) GLOBAL_UNIT_ASSIGNED_CONTEXT ( ( #529, #430, #541 ) ) REPRESENTATION_CONTEXT ( 'NONE', 'WORKASPACE' ) );
#513 =( NAMED_UNIT ( * ) SI_UNIT ( $, .STERADIAN. ) SOLID_ANGLE_UNIT ( ) );
#514 =( NAMED_UNIT ( * ) SI_UNIT ( $, .STERADIAN. ) SOLID_ANGLE_UNIT ( ) );
#515 =( NAMED_UNIT ( * ) SI_UNIT ( $, .STERADIAN. ) SOLID_ANGLE_UNIT ( ) );
#516 = VERTEX_POINT ( 'NONE', #328 ) ;
#517 = DIRECTION ( 'NONE',  ( 1.000000000000000000, 0.000000000000000000, 0.000000000000000000 ) ) ;
#518 = EDGE_LOOP ( 'NONE', ( #1225, #875, #17, #651, #439, #1108 ) ) ;
#519 = CARTESIAN_POINT ( 'NONE',  ( -3.995000000000000107, 0.7995000000000000995, 2.720000000000000195 ) ) ;
#520 = CARTESIAN_POINT ( 'NONE',  ( 1.494999999999999440, 0.8005000000000001004, -2.720000000000000195 ) ) ;
#521 = PRESENTATION_STYLE_ASSIGNMENT (( #427 ) ) ;
#522 = SURFACE_STYLE_USAGE ( .BOTH. , #96 ) ;
#523 = ORIENTED_EDGE ( 'NONE', *, *, #295, .F. ) ;
#524 =( NAMED_UNIT ( * ) PLANE_ANGLE_UNIT ( ) SI_UNIT ( $, .RADIAN. ) );
#525 = DIRECTION ( 'NONE',  ( -0.000000000000000000, -1.000000000000000000, -0.000000000000000000 ) ) ;
#526 = DIRECTION ( 'NONE',  ( 1.000000000000000000, -0.000000000000000000, 0.000000000000000000 ) ) ;
#527 = DIRECTION ( 'NONE',  ( 0.000000000000000000, -0.000000000000000000, 1.000000000000000000 ) ) ;
#528 = ORIENTED_EDGE ( 'NONE', *, *, #1110, .F. ) ;
#529 =( LENGTH_UNIT ( ) NAMED_UNIT ( * ) SI_UNIT ( .MILLI., .METRE. ) );
#530 = AXIS2_PLACEMENT_3D ( 'NONE', #397, #709, #1349 ) ;
#531 = DIRECTION ( 'NONE',  ( -0.000000000000000000, -0.000000000000000000, 1.000000000000000000 ) ) ;
#532 = COLOUR_RGB ( '',0.5372549019607842924, 0.3490196078431372362, 0.3372549019607843368 ) ;
#533 = VECTOR ( 'NONE', #921, 1000.000000000000000 ) ;
#534 = FACE_OUTER_BOUND ( 'NONE', #975, .T. ) ;
#535 = COLOUR_RGB ( '',0.5372549019607842924, 0.3490196078431372362, 0.3372549019607843368 ) ;
#536 =( GEOMETRIC_REPRESENTATION_CONTEXT ( 3 ) GLOBAL_UNCERTAINTY_ASSIGNED_CONTEXT ( ( #645 ) ) GLOBAL_UNIT_ASSIGNED_CONTEXT ( ( #1305, #248, #1152 ) ) REPRESENTATION_CONTEXT ( 'NONE', 'WORKASPACE' ) );
#537 = PRESENTATION_LAYER_ASSIGNMENT (  '', '', ( #364 ) ) ;
#538 = FILL_AREA_STYLE_COLOUR ( '', #821 ) ;
#539 = EDGE_CURVE ( 'NONE', #325, #222, #663, .T. ) ;
#540 = EDGE_LOOP ( 'NONE', ( #885, #716, #265, #657, #39, #546 ) ) ;
#541 =( NAMED_UNIT ( * ) SI_UNIT ( $, .STERADIAN. ) SOLID_ANGLE_UNIT ( ) );
#542 = FILL_AREA_STYLE ('',( #748 ) ) ;
#543 =( LENGTH_UNIT ( ) NAMED_UNIT ( * ) SI_UNIT ( .MILLI., .METRE. ) );
#544 = PRESENTATION_STYLE_ASSIGNMENT (( #522 ) ) ;
#545 = UNCERTAINTY_MEASURE_WITH_UNIT (LENGTH_MEASURE( 1.000000000000000082E-05 ), #725, 'distance_accuracy_value', 'NONE');
#546 = ORIENTED_EDGE ( 'NONE', *, *, #392, .F. ) ;
#547 = EDGE_CURVE ( 'NONE', #760, #880, #1263, .T. ) ;
#548 = CARTESIAN_POINT ( 'NONE',  ( -1.495000000000000329, 0.8005000000000001004, 2.720000000000000195 ) ) ;
#549 = FACE_OUTER_BOUND ( 'NONE', #518, .T. ) ;
#550 = ORIENTED_EDGE ( 'NONE', *, *, #476, .T. ) ;
#551 = DIRECTION ( 'NONE',  ( 0.000000000000000000, -0.000000000000000000, 1.000000000000000000 ) ) ;
#552 = ORIENTED_EDGE ( 'NONE', *, *, #677, .F. ) ;
#553 = CARTESIAN_POINT ( 'NONE',  ( 3.995000000000000107, 0.7995000000000000995, 2.720000000000000195 ) ) ;
#554 = DIRECTION ( 'NONE',  ( -1.000000000000000000, 0.000000000000000000, -0.000000000000000000 ) ) ;
#555 =( LENGTH_UNIT ( ) NAMED_UNIT ( * ) SI_UNIT ( .MILLI., .METRE. ) );
#556 = FILL_AREA_STYLE_COLOUR ( '', #362 ) ;
#557 = AXIS2_PLACEMENT_3D ( 'NONE', #140, #40, #1102 ) ;
#558 = AXIS2_PLACEMENT_3D ( 'NONE', #1206, #1326, #161 ) ;
#559 =( GEOMETRIC_REPRESENTATION_CONTEXT ( 3 ) GLOBAL_UNCERTAINTY_ASSIGNED_CONTEXT ( ( #1098 ) ) GLOBAL_UNIT_ASSIGNED_CONTEXT ( ( #264, #683, #32 ) ) REPRESENTATION_CONTEXT ( 'NONE', 'WORKASPACE' ) );
#560 = LINE ( 'NONE', #1100, #1000 ) ;
#561 = VECTOR ( 'NONE', #1109, 1000.000000000000000 ) ;
#562 = CARTESIAN_POINT ( 'NONE',  ( 3.995000000000000107, 0.7995000000000000995, -1.000000000000000000 ) ) ;
#563 = ORIENTED_EDGE ( 'NONE', *, *, #647, .T. ) ;
#564 = FACE_OUTER_BOUND ( 'NONE', #822, .T. ) ;
#565 =( GEOMETRIC_REPRESENTATION_CONTEXT ( 3 ) GLOBAL_UNCERTAINTY_ASSIGNED_CONTEXT ( ( #1065 ) ) GLOBAL_UNIT_ASSIGNED_CONTEXT ( ( #343, #1260, #514 ) ) REPRESENTATION_CONTEXT ( 'NONE', 'WORKASPACE' ) );
#566 =( NAMED_UNIT ( * ) PLANE_ANGLE_UNIT ( ) SI_UNIT ( $, .RADIAN. ) );
#567 = DIRECTION ( 'NONE',  ( -0.000000000000000000, -0.000000000000000000, 1.000000000000000000 ) ) ;
#568 = ADVANCED_FACE ( 'NONE', ( #564 ), #853, .F. ) ;
#569 =( NAMED_UNIT ( * ) PLANE_ANGLE_UNIT ( ) SI_UNIT ( $, .RADIAN. ) );
#570 = FILL_AREA_STYLE ('',( #991 ) ) ;
#571 = EDGE_LOOP ( 'NONE', ( #952, #1080, #74, #745, #461, #33 ) ) ;
#572 = SURFACE_STYLE_FILL_AREA ( #700 ) ;
#573 = FILL_AREA_STYLE ('',( #423 ) ) ;
#574 = SURFACE_STYLE_FILL_AREA ( #143 ) ;
#575 = LINE ( 'NONE', #766, #1155 ) ;
#576 = SURFACE_SIDE_STYLE ('',( #145 ) ) ;
#577 = VERTEX_POINT ( 'NONE', #331 ) ;
#578 = LINE ( 'NONE', #480, #728 ) ;
#579 = LINE ( 'NONE', #475, #242 ) ;
#580 = UNCERTAINTY_MEASURE_WITH_UNIT (LENGTH_MEASURE( 1.000000000000000082E-05 ), #713, 'distance_accuracy_value', 'NONE');
#581 = CARTESIAN_POINT ( 'NONE',  ( 3.995000000000000107, 0.7995000000000000995, 0.000000000000000000 ) ) ;
#582 =( NAMED_UNIT ( * ) SI_UNIT ( $, .STERADIAN. ) SOLID_ANGLE_UNIT ( ) );
#583 = PRESENTATION_LAYER_ASSIGNMENT (  '', '', ( #241 ) ) ;
#584 = PRESENTATION_STYLE_ASSIGNMENT (( #790 ) ) ;
#585 = STYLED_ITEM ( 'NONE', ( #1269 ), #925 ) ;
#586 = VECTOR ( 'NONE', #70, 1000.000000000000000 ) ;
#587 = EDGE_LOOP ( 'NONE', ( #1028, #692, #330, #785 ) ) ;
#588 = VECTOR ( 'NONE', #166, 1000.000000000000000 ) ;
#589 =( GEOMETRIC_REPRESENTATION_CONTEXT ( 3 ) GLOBAL_UNCERTAINTY_ASSIGNED_CONTEXT ( ( #682 ) ) GLOBAL_UNIT_ASSIGNED_CONTEXT ( ( #319, #648, #842 ) ) REPRESENTATION_CONTEXT ( 'NONE', 'WORKASPACE' ) );
#590 = PRESENTATION_LAYER_ASSIGNMENT (  '', '', ( #249 ) ) ;
#591 = COLOUR_RGB ( '',0.5372549019607842924, 0.3490196078431372362, 0.3372549019607843368 ) ;
#592 =( LENGTH_UNIT ( ) NAMED_UNIT ( * ) SI_UNIT ( .MILLI., .METRE. ) );
#593 = DIRECTION ( 'NONE',  ( 1.000000000000000000, -0.000000000000000000, 0.000000000000000000 ) ) ;
#594 = CARTESIAN_POINT ( 'NONE',  ( -1.494999999999999440, 0.8005000000000001004, -2.720000000000000195 ) ) ;
#595 = VERTEX_POINT ( 'NONE', #223 ) ;
#596 = SURFACE_STYLE_FILL_AREA ( #1008 ) ;
#597 = SURFACE_SIDE_STYLE ('',( #793 ) ) ;
#598 =( NAMED_UNIT ( * ) PLANE_ANGLE_UNIT ( ) SI_UNIT ( $, .RADIAN. ) );
#599 = CARTESIAN_POINT ( 'NONE',  ( -3.995000000000000107, 0.8005000000000001004, 2.720000000000000195 ) ) ;
#600 = ORIENTED_EDGE ( 'NONE', *, *, #942, .F. ) ;
#601 = PRESENTATION_STYLE_ASSIGNMENT (( #908 ) ) ;
#602 = LINE ( 'NONE', #1090, #315 ) ;
#603 = CARTESIAN_POINT ( 'NONE',  ( 3.995000000000000107, 0.8000000000000000444, -2.720000000000000195 ) ) ;
#604 = PRESENTATION_STYLE_ASSIGNMENT (( #1231 ) ) ;
#605 = COLOUR_RGB ( '',0.5372549019607842924, 0.3490196078431372362, 0.3372549019607843368 ) ;
#606 = ORIENTED_EDGE ( 'NONE', *, *, #369, .T. ) ;
#607 = COLOUR_RGB ( '',0.5372549019607842924, 0.3490196078431372362, 0.3372549019607843368 ) ;
#608 = AXIS2_PLACEMENT_3D ( 'NONE', #976, #25, #1298 ) ;
#609 = STYLED_ITEM ( 'NONE', ( #394 ), #1177 ) ;
#610 = STYLED_ITEM ( 'NONE', ( #1049 ), #38 ) ;
#611 = AXIS2_PLACEMENT_3D ( 'NONE', #765, #116, #988 ) ;
#612 = CARTESIAN_POINT ( 'NONE',  ( -3.995000000000000107, 0.7995000000000000995, -1.000000000000000222 ) ) ;
#613 = EDGE_CURVE ( 'NONE', #192, #739, #1171, .T. ) ;
#614 = ORIENTED_EDGE ( 'NONE', *, *, #303, .T. ) ;
#615 = EDGE_CURVE ( 'NONE', #856, #61, #1286, .T. ) ;
#616 = DIRECTION ( 'NONE',  ( 1.000000000000000000, 0.000000000000000000, -0.000000000000000000 ) ) ;
#617 = EDGE_LOOP ( 'NONE', ( #935, #552, #523, #1307 ) ) ;
#618 = FACE_OUTER_BOUND ( 'NONE', #743, .T. ) ;
#619 =( NAMED_UNIT ( * ) SI_UNIT ( $, .STERADIAN. ) SOLID_ANGLE_UNIT ( ) );
#620 = SURFACE_SIDE_STYLE ('',( #1142 ) ) ;
#621 = EDGE_LOOP ( 'NONE', ( #1007, #1232, #1210, #966, #1264, #360 ) ) ;
#622 = VECTOR ( 'NONE', #1251, 1000.000000000000000 ) ;
#623 = AXIS2_PLACEMENT_3D ( 'NONE', #252, #1204, #878 ) ;
#624 = STYLED_ITEM ( 'NONE', ( #816 ), #431 ) ;
#625 = DIRECTION ( 'NONE',  ( 0.000000000000000000, 0.000000000000000000, -1.000000000000000000 ) ) ;
#626 = VECTOR ( 'NONE', #531, 1000.000000000000000 ) ;
#627 = FILL_AREA_STYLE_COLOUR ( '', #783 ) ;
#628 = FILL_AREA_STYLE_COLOUR ( '', #294 ) ;
#629 = ORIENTED_EDGE ( 'NONE', *, *, #322, .T. ) ;
#630 = SURFACE_STYLE_USAGE ( .BOTH. , #503 ) ;
#631 = CARTESIAN_POINT ( 'NONE',  ( -1.495000000000000329, 0.7995000000000000995, 2.720000000000000195 ) ) ;
#632 = PRODUCT_DEFINITION_SHAPE ( 'NONE', 'NONE',  #399 ) ;
#633 = EDGE_CURVE ( 'NONE', #1022, #1055, #474, .T. ) ;
#634 = LINE ( 'NONE', #1075, #735 ) ;
#635 = FILL_AREA_STYLE_COLOUR ( '', #919 ) ;
#636 = VERTEX_POINT ( 'NONE', #1226 ) ;
#637 = DIRECTION ( 'NONE',  ( 0.000000000000000000, 0.000000000000000000, 1.000000000000000000 ) ) ;
#638 = SURFACE_SIDE_STYLE ('',( #727 ) ) ;
#639 = DIRECTION ( 'NONE',  ( -1.000000000000000000, 0.000000000000000000, -1.594414959537506187E-16 ) ) ;
#640 = ORIENTED_EDGE ( 'NONE', *, *, #1036, .F. ) ;
#641 = LINE ( 'NONE', #553, #644 ) ;
#642 =( GEOMETRIC_REPRESENTATION_CONTEXT ( 3 ) GLOBAL_UNCERTAINTY_ASSIGNED_CONTEXT ( ( #974 ) ) GLOBAL_UNIT_ASSIGNED_CONTEXT ( ( #1144, #1122, #169 ) ) REPRESENTATION_CONTEXT ( 'NONE', 'WORKASPACE' ) );
#643 = COLOUR_RGB ( '',0.7921568627450980005, 0.8196078431372548767, 0.9333333333333333481 ) ;
#644 = VECTOR ( 'NONE', #1069, 1000.000000000000000 ) ;
#645 = UNCERTAINTY_MEASURE_WITH_UNIT (LENGTH_MEASURE( 1.000000000000000082E-05 ), #1305, 'distance_accuracy_value', 'NONE');
#646 = COLOUR_RGB ( '',0.5372549019607842924, 0.3490196078431372362, 0.3372549019607843368 ) ;
#647 = EDGE_CURVE ( 'NONE', #702, #1032, #275, .T. ) ;
#648 =( NAMED_UNIT ( * ) PLANE_ANGLE_UNIT ( ) SI_UNIT ( $, .RADIAN. ) );
#649 = SURFACE_STYLE_FILL_AREA ( #738 ) ;
#650 = ADVANCED_FACE ( 'NONE', ( #244 ), #792, .F. ) ;
#651 = ORIENTED_EDGE ( 'NONE', *, *, #729, .F. ) ;
#652 = FILL_AREA_STYLE_COLOUR ( '', #868 ) ;
#653 = PRESENTATION_STYLE_ASSIGNMENT (( #255 ) ) ;
#654 = EDGE_LOOP ( 'NONE', ( #768, #791, #11, #184, #629, #51 ) ) ;
#655 = DIRECTION ( 'NONE',  ( 0.000000000000000000, -1.000000000000000000, 0.000000000000000000 ) ) ;
#656 = UNCERTAINTY_MEASURE_WITH_UNIT (LENGTH_MEASURE( 1.000000000000000082E-05 ), #946, 'distance_accuracy_value', 'NONE');
#657 = ORIENTED_EDGE ( 'NONE', *, *, #404, .F. ) ;
#658 = LINE ( 'NONE', #1187, #155 ) ;
#659 = FILL_AREA_STYLE_COLOUR ( '', #89 ) ;
#660 =( NAMED_UNIT ( * ) PLANE_ANGLE_UNIT ( ) SI_UNIT ( $, .RADIAN. ) );
#661 = DIRECTION ( 'NONE',  ( -0.000000000000000000, 1.000000000000000000, -0.000000000000000000 ) ) ;
#662 = DIRECTION ( 'NONE',  ( -1.000000000000000000, 0.000000000000000000, 0.000000000000000000 ) ) ;
#663 = LINE ( 'NONE', #1278, #937 ) ;
#664 = EDGE_CURVE ( 'NONE', #180, #636, #254, .T. ) ;
#665 = DIRECTION ( 'NONE',  ( 1.594414959537506434E-16, 0.000000000000000000, 1.000000000000000000 ) ) ;
#666 = LINE ( 'NONE', #1086, #1023 ) ;
#667 = COLOUR_RGB ( '',0.5372549019607842924, 0.3490196078431372362, 0.3372549019607843368 ) ;
#668 =( GEOMETRIC_REPRESENTATION_CONTEXT ( 3 ) GLOBAL_UNCERTAINTY_ASSIGNED_CONTEXT ( ( #675 ) ) GLOBAL_UNIT_ASSIGNED_CONTEXT ( ( #955, #1176, #424 ) ) REPRESENTATION_CONTEXT ( 'NONE', 'WORKASPACE' ) );
#669 = PRESENTATION_LAYER_ASSIGNMENT (  '', '', ( #385 ) ) ;
#670 = PRESENTATION_STYLE_ASSIGNMENT (( #125 ) ) ;
#671 = VECTOR ( 'NONE', #250, 1000.000000000000000 ) ;
#672 = VECTOR ( 'NONE', #884, 1000.000000000000000 ) ;
#673 = ORIENTED_EDGE ( 'NONE', *, *, #1019, .T. ) ;
#674 = VECTOR ( 'NONE', #1166, 1000.000000000000000 ) ;
#675 = UNCERTAINTY_MEASURE_WITH_UNIT (LENGTH_MEASURE( 1.000000000000000082E-05 ), #955, 'distance_accuracy_value', 'NONE');
#676 = CARTESIAN_POINT ( 'NONE',  ( 3.995000000000000107, 0.8005000000000001004, -2.720000000000000195 ) ) ;
#677 = EDGE_CURVE ( 'NONE', #1324, #1270, #361, .T. ) ;
#678 = PLANE ( 'NONE',  #871 ) ;
#679 = CYLINDRICAL_SURFACE ( 'NONE', #1310, 1.399999999999999911 ) ;
#680 = ORIENTED_EDGE ( 'NONE', *, *, #1010, .T. ) ;
#681 = CARTESIAN_POINT ( 'NONE',  ( 1.494999999999999440, 0.8005000000000001004, -2.720000000000000195 ) ) ;
#682 = UNCERTAINTY_MEASURE_WITH_UNIT (LENGTH_MEASURE( 1.000000000000000082E-05 ), #319, 'distance_accuracy_value', 'NONE');
#683 =( NAMED_UNIT ( * ) PLANE_ANGLE_UNIT ( ) SI_UNIT ( $, .RADIAN. ) );
#684 = EDGE_CURVE ( 'NONE', #1089, #516, #578, .T. ) ;
#685 = ORIENTED_EDGE ( 'NONE', *, *, #12, .F. ) ;
#686 =( NAMED_UNIT ( * ) PLANE_ANGLE_UNIT ( ) SI_UNIT ( $, .RADIAN. ) );
#687 = CARTESIAN_POINT ( 'NONE',  ( 3.995000000000000107, 0.7995000000000000995, 1.000000000000000000 ) ) ;
#688 = VECTOR ( 'NONE', #1365, 1000.000000000000000 ) ;
#689 = PRESENTATION_LAYER_ASSIGNMENT (  '', '', ( #1284 ) ) ;
#690 = EDGE_CURVE ( 'NONE', #325, #1355, #151, .T. ) ;
#691 = AXIS2_PLACEMENT_3D ( 'NONE', #115, #764, #857 ) ;
#692 = ORIENTED_EDGE ( 'NONE', *, *, #365, .F. ) ;
#693 = DIRECTION ( 'NONE',  ( 0.000000000000000000, 0.000000000000000000, 1.000000000000000000 ) ) ;
#694 =( GEOMETRIC_REPRESENTATION_CONTEXT ( 3 ) GLOBAL_UNCERTAINTY_ASSIGNED_CONTEXT ( ( #887 ) ) GLOBAL_UNIT_ASSIGNED_CONTEXT ( ( #1241, #1328, #720 ) ) REPRESENTATION_CONTEXT ( 'NONE', 'WORKASPACE' ) );
#695 = EDGE_CURVE ( 'NONE', #150, #160, #903, .T. ) ;
#696 = CARTESIAN_POINT ( 'NONE',  ( 3.995000000000000107, 0.8000000000000000444, -2.720000000000000195 ) ) ;
#697 = PRESENTATION_STYLE_ASSIGNMENT (( #273 ) ) ;
#698 = ORIENTED_EDGE ( 'NONE', *, *, #504, .T. ) ;
#699 = DIRECTION ( 'NONE',  ( -0.000000000000000000, -1.000000000000000000, -0.000000000000000000 ) ) ;
#700 = FILL_AREA_STYLE ('',( #277 ) ) ;
#701 = CARTESIAN_POINT ( 'NONE',  ( -3.995000000000000107, -0.8000000000000000444, -2.720000000000000195 ) ) ;
#702 = VERTEX_POINT ( 'NONE', #408 ) ;
#703 = EDGE_CURVE ( 'NONE', #1285, #722, #1256, .T. ) ;
#704 = ADVANCED_FACE ( 'NONE', ( #931 ), #69, .T. ) ;
#705 = DIRECTION ( 'NONE',  ( -1.000000000000000000, 0.000000000000000000, 0.000000000000000000 ) ) ;
#706 = CYLINDRICAL_SURFACE ( 'NONE', #465, 1.000000000000000000 ) ;
#707 = AXIS2_PLACEMENT_3D ( 'NONE', #823, #655, #218 ) ;
#708 = EDGE_LOOP ( 'NONE', ( #1170, #1143, #685, #1058 ) ) ;
#709 = DIRECTION ( 'NONE',  ( 0.000000000000000000, 1.000000000000000000, 0.000000000000000000 ) ) ;
#710 = COLOUR_RGB ( '',0.5372549019607842924, 0.3490196078431372362, 0.3372549019607843368 ) ;
#711 = MECHANICAL_DESIGN_GEOMETRIC_PRESENTATION_REPRESENTATION (  '', ( #609 ), #468 ) ;
#712 =( GEOMETRIC_REPRESENTATION_CONTEXT ( 3 ) GLOBAL_UNCERTAINTY_ASSIGNED_CONTEXT ( ( #42 ) ) GLOBAL_UNIT_ASSIGNED_CONTEXT ( ( #36, #44, #371 ) ) REPRESENTATION_CONTEXT ( 'NONE', 'WORKASPACE' ) );
#713 =( LENGTH_UNIT ( ) NAMED_UNIT ( * ) SI_UNIT ( .MILLI., .METRE. ) );
#714 = FILL_AREA_STYLE_COLOUR ( '', #67 ) ;
#715 = PRESENTATION_STYLE_ASSIGNMENT (( #298 ) ) ;
#716 = ORIENTED_EDGE ( 'NONE', *, *, #136, .F. ) ;
#717 = LINE ( 'NONE', #75, #912 ) ;
#718 = CARTESIAN_POINT ( 'NONE',  ( -1.494999999999999440, 0.7995000000000000995, -2.720000000000000195 ) ) ;
#719 = CARTESIAN_POINT ( 'NONE',  ( 3.995000000000000107, -0.8005000000000001004, -1.000000000000000222 ) ) ;
#720 =( NAMED_UNIT ( * ) SI_UNIT ( $, .STERADIAN. ) SOLID_ANGLE_UNIT ( ) );
#721 = FILL_AREA_STYLE ('',( #833 ) ) ;
#722 = VERTEX_POINT ( 'NONE', #191 ) ;
#723 = ORIENTED_EDGE ( 'NONE', *, *, #810, .T. ) ;
#724 = CARTESIAN_POINT ( 'NONE',  ( 3.995000000000000107, 0.8000000000000000444, -1.000000000000000222 ) ) ;
#725 =( LENGTH_UNIT ( ) NAMED_UNIT ( * ) SI_UNIT ( .MILLI., .METRE. ) );
#726 = PLANE ( 'NONE',  #1265 ) ;
#727 = SURFACE_STYLE_FILL_AREA ( #9 ) ;
#728 = VECTOR ( 'NONE', #994, 1000.000000000000000 ) ;
#729 = EDGE_CURVE ( 'NONE', #760, #180, #497, .T. ) ;
#730 = MECHANICAL_DESIGN_GEOMETRIC_PRESENTATION_REPRESENTATION (  '', ( #824 ), #668 ) ;
#731 = VECTOR ( 'NONE', #98, 1000.000000000000000 ) ;
#732 = SURFACE_STYLE_FILL_AREA ( #1174 ) ;
#733 = VECTOR ( 'NONE', #899, 1000.000000000000000 ) ;
#734 = VECTOR ( 'NONE', #928, 1000.000000000000000 ) ;
#735 = VECTOR ( 'NONE', #665, 1000.000000000000000 ) ;
#736 = CARTESIAN_POINT ( 'NONE',  ( 3.995000000000000107, 0.8005000000000001004, -2.720000000000000195 ) ) ;
#737 = FACE_OUTER_BOUND ( 'NONE', #571, .T. ) ;
#738 = FILL_AREA_STYLE ('',( #538 ) ) ;
#739 = VERTEX_POINT ( 'NONE', #839 ) ;
#740 = DIRECTION ( 'NONE',  ( 0.000000000000000000, 0.000000000000000000, 1.000000000000000000 ) ) ;
#741 = CARTESIAN_POINT ( 'NONE',  ( -1.495000000000000329, 0.8005000000000001004, 2.720000000000000195 ) ) ;
#742 = DIRECTION ( 'NONE',  ( 0.000000000000000000, 0.000000000000000000, -1.000000000000000000 ) ) ;
#743 = EDGE_LOOP ( 'NONE', ( #299, #496, #24, #698 ) ) ;
#744 = SURFACE_STYLE_FILL_AREA ( #434 ) ;
#745 = ORIENTED_EDGE ( 'NONE', *, *, #1093, .F. ) ;
#746 = CARTESIAN_POINT ( 'NONE',  ( -3.995000000000000107, 0.8000000000000000444, 2.720000000000000195 ) ) ;
#747 = CARTESIAN_POINT ( 'NONE',  ( 3.995000000000000107, 0.7995000000000000995, -2.720000000000000195 ) ) ;
#748 = FILL_AREA_STYLE_COLOUR ( '', #847 ) ;
#749 = EDGE_CURVE ( 'NONE', #479, #595, #1129, .T. ) ;
#750 =( NAMED_UNIT ( * ) SI_UNIT ( $, .STERADIAN. ) SOLID_ANGLE_UNIT ( ) );
#751 = UNCERTAINTY_MEASURE_WITH_UNIT (LENGTH_MEASURE( 1.000000000000000082E-05 ), #896, 'distance_accuracy_value', 'NONE');
#752 = ORIENTED_EDGE ( 'NONE', *, *, #959, .T. ) ;
#753 = FACE_OUTER_BOUND ( 'NONE', #1205, .T. ) ;
#754 =( GEOMETRIC_REPRESENTATION_CONTEXT ( 3 ) GLOBAL_UNCERTAINTY_ASSIGNED_CONTEXT ( ( #142 ) ) GLOBAL_UNIT_ASSIGNED_CONTEXT ( ( #433, #1052, #1275 ) ) REPRESENTATION_CONTEXT ( 'NONE', 'WORKASPACE' ) );
#755 = AXIS2_PLACEMENT_3D ( 'NONE', #18, #347, #637 ) ;
#756 = STYLED_ITEM ( 'NONE', ( #284 ), #1200 ) ;
#757 = LINE ( 'NONE', #1280, #153 ) ;
#758 = VECTOR ( 'NONE', #1255, 1000.000000000000000 ) ;
#759 = STYLED_ITEM ( 'NONE', ( #348 ), #237 ) ;
#760 = VERTEX_POINT ( 'NONE', #413 ) ;
#761 =( LENGTH_UNIT ( ) NAMED_UNIT ( * ) SI_UNIT ( .MILLI., .METRE. ) );
#762 = DIRECTION ( 'NONE',  ( 0.000000000000000000, 0.000000000000000000, 1.000000000000000000 ) ) ;
#763 = VERTEX_POINT ( 'NONE', #1150 ) ;
#764 = DIRECTION ( 'NONE',  ( 1.000000000000000000, 0.000000000000000000, -1.594414959537506187E-16 ) ) ;
#765 = CARTESIAN_POINT ( 'NONE',  ( 3.995000000000000107, -0.8000000000000000444, 0.000000000000000000 ) ) ;
#766 = CARTESIAN_POINT ( 'NONE',  ( -3.995000000000000107, -0.8005000000000001004, -1.399999999999999911 ) ) ;
#767 = DIRECTION ( 'NONE',  ( -1.000000000000000000, -0.000000000000000000, -0.000000000000000000 ) ) ;
#768 = ORIENTED_EDGE ( 'NONE', *, *, #956, .T. ) ;
#769 = LINE ( 'NONE', #422, #268 ) ;
#770 = SURFACE_STYLE_USAGE ( .BOTH. , #441 ) ;
#771 = LINE ( 'NONE', #889, #998 ) ;
#772 = FACE_OUTER_BOUND ( 'NONE', #540, .T. ) ;
#773 = FACE_OUTER_BOUND ( 'NONE', #90, .T. ) ;
#774 = EDGE_LOOP ( 'NONE', ( #5, #1246, #467, #1369 ) ) ;
#775 = SURFACE_SIDE_STYLE ('',( #596 ) ) ;
#776 = DIRECTION ( 'NONE',  ( 1.594414959537506434E-16, 0.000000000000000000, 1.000000000000000000 ) ) ;
#777 = EDGE_CURVE ( 'NONE', #1364, #763, #717, .T. ) ;
#778 = CARTESIAN_POINT ( 'NONE',  ( -3.995000000000000107, 0.8000000000000000444, 1.000000000000000222 ) ) ;
#779 = MECHANICAL_DESIGN_GEOMETRIC_PRESENTATION_REPRESENTATION (  '', ( #1336 ), #490 ) ;
#780 = DIRECTION ( 'NONE',  ( 0.000000000000000000, 0.000000000000000000, -1.000000000000000000 ) ) ;
#781 = PRESENTATION_LAYER_ASSIGNMENT (  '', '', ( #4 ) ) ;
#782 = PLANE ( 'NONE',  #623 ) ;
#783 = COLOUR_RGB ( '',0.5372549019607842924, 0.3490196078431372362, 0.3372549019607843368 ) ;
#784 = PRESENTATION_LAYER_ASSIGNMENT (  '', '', ( #469 ) ) ;
#785 = ORIENTED_EDGE ( 'NONE', *, *, #615, .T. ) ;
#786 = STYLED_ITEM ( 'NONE', ( #1 ), #1330 ) ;
#787 = CARTESIAN_POINT ( 'NONE',  ( -3.995000000000000107, -0.8000000000000000444, -2.720000000000000195 ) ) ;
#788 = DIRECTION ( 'NONE',  ( 0.000000000000000000, 0.000000000000000000, -1.000000000000000000 ) ) ;
#789 = UNCERTAINTY_MEASURE_WITH_UNIT (LENGTH_MEASURE( 1.000000000000000082E-05 ), #1064, 'distance_accuracy_value', 'NONE');
#790 = SURFACE_STYLE_USAGE ( .BOTH. , #372 ) ;
#791 = ORIENTED_EDGE ( 'NONE', *, *, #1238, .T. ) ;
#792 = CYLINDRICAL_SURFACE ( 'NONE', #557, 1.000000000000000222 ) ;
#793 = SURFACE_STYLE_FILL_AREA ( #375 ) ;
#794 = EDGE_CURVE ( 'NONE', #14, #407, #201, .T. ) ;
#795 = SURFACE_STYLE_USAGE ( .BOTH. , #21 ) ;
#796 = EDGE_CURVE ( 'NONE', #856, #120, #958, .T. ) ;
#797 = ORIENTED_EDGE ( 'NONE', *, *, #54, .F. ) ;
#798 = FILL_AREA_STYLE ('',( #267 ) ) ;
#799 = CARTESIAN_POINT ( 'NONE',  ( 3.995000000000000107, -0.8005000000000001004, 1.000000000000000000 ) ) ;
#800 = MECHANICAL_DESIGN_GEOMETRIC_PRESENTATION_REPRESENTATION (  '', ( #864 ), #642 ) ;
#801 =( GEOMETRIC_REPRESENTATION_CONTEXT ( 3 ) GLOBAL_UNCERTAINTY_ASSIGNED_CONTEXT ( ( #355 ) ) GLOBAL_UNIT_ASSIGNED_CONTEXT ( ( #901, #159, #406 ) ) REPRESENTATION_CONTEXT ( 'NONE', 'WORKASPACE' ) );
#802 = CIRCLE ( 'NONE', #755, 1.000000000000000000 ) ;
#803 = ORIENTED_EDGE ( 'NONE', *, *, #1162, .F. ) ;
#804 = DIRECTION ( 'NONE',  ( -0.000000000000000000, -1.000000000000000000, -0.000000000000000000 ) ) ;
#805 = SURFACE_STYLE_USAGE ( .BOTH. , #55 ) ;
#806 = SURFACE_STYLE_USAGE ( .BOTH. , #76 ) ;
#807 = ORIENTED_EDGE ( 'NONE', *, *, #149, .T. ) ;
#808 = PRESENTATION_STYLE_ASSIGNMENT (( #391 ) ) ;
#809 = MANIFOLD_SOLID_BREP ( 'Boss-Extrude3', #28 ) ;
#810 = EDGE_CURVE ( 'NONE', #986, #325, #1309, .T. ) ;
#811 = FILL_AREA_STYLE_COLOUR ( '', #1219 ) ;
#812 = SURFACE_STYLE_USAGE ( .BOTH. , #494 ) ;
#813 = CARTESIAN_POINT ( 'NONE',  ( -3.995000000000000107, 0.8005000000000001004, -1.000000000000000222 ) ) ;
#814 = SURFACE_STYLE_FILL_AREA ( #1223 ) ;
#815 = ORIENTED_EDGE ( 'NONE', *, *, #810, .F. ) ;
#816 = PRESENTATION_STYLE_ASSIGNMENT (( #630 ) ) ;
#817 = ADVANCED_FACE ( 'NONE', ( #22 ), #337, .F. ) ;
#818 = DIRECTION ( 'NONE',  ( 0.000000000000000000, -1.000000000000000000, 0.000000000000000000 ) ) ;
#819 =( NAMED_UNIT ( * ) PLANE_ANGLE_UNIT ( ) SI_UNIT ( $, .RADIAN. ) );
#820 =( LENGTH_UNIT ( ) NAMED_UNIT ( * ) SI_UNIT ( .MILLI., .METRE. ) );
#821 = COLOUR_RGB ( '',0.5372549019607842924, 0.3490196078431372362, 0.3372549019607843368 ) ;
#822 = EDGE_LOOP ( 'NONE', ( #208, #211, #435, #97 ) ) ;
#823 = CARTESIAN_POINT ( 'NONE',  ( -3.995000000000000107, -0.8005000000000001004, 0.000000000000000000 ) ) ;
#824 = STYLED_ITEM ( 'NONE', ( #715 ), #914 ) ;
#825 = CIRCLE ( 'NONE', #175, 1.399999999999999911 ) ;
#826 = VECTOR ( 'NONE', #1005, 1000.000000000000000 ) ;
#827 = PRESENTATION_STYLE_ASSIGNMENT (( #1357 ) ) ;
#828 = PRODUCT_DEFINITION_FORMATION_WITH_SPECIFIED_SOURCE ( 'ANY', '', #1259, .NOT_KNOWN. ) ;
#829 =( GEOMETRIC_REPRESENTATION_CONTEXT ( 3 ) GLOBAL_UNCERTAINTY_ASSIGNED_CONTEXT ( ( #368 ) ) GLOBAL_UNIT_ASSIGNED_CONTEXT ( ( #72, #819, #619 ) ) REPRESENTATION_CONTEXT ( 'NONE', 'WORKASPACE' ) );
#830 = FILL_AREA_STYLE ('',( #910 ) ) ;
#831 = ADVANCED_FACE ( 'NONE', ( #326 ), #860, .F. ) ;
#832 = CARTESIAN_POINT ( 'NONE',  ( 3.995000000000000107, -0.8005000000000001004, 0.000000000000000000 ) ) ;
#833 = FILL_AREA_STYLE_COLOUR ( '', #1197 ) ;
#834 = SURFACE_SIDE_STYLE ('',( #917 ) ) ;
#835 = LINE ( 'NONE', #741, #851 ) ;
#836 = PRESENTATION_STYLE_ASSIGNMENT (( #410 ) ) ;
#837 = DIRECTION ( 'NONE',  ( -0.000000000000000000, -0.000000000000000000, 1.000000000000000000 ) ) ;
#838 = CARTESIAN_POINT ( 'NONE',  ( 3.995000000000000107, 0.8005000000000001004, -1.000000000000000222 ) ) ;
#839 = CARTESIAN_POINT ( 'NONE',  ( -3.995000000000000107, 0.7995000000000000995, 2.720000000000000195 ) ) ;
#840 = EDGE_CURVE ( 'NONE', #1121, #702, #973, .T. ) ;
#841 = SURFACE_STYLE_USAGE ( .BOTH. , #224 ) ;
#842 =( NAMED_UNIT ( * ) SI_UNIT ( $, .STERADIAN. ) SOLID_ANGLE_UNIT ( ) );
#843 = SURFACE_STYLE_USAGE ( .BOTH. , #1295 ) ;
#844 = ORIENTED_EDGE ( 'NONE', *, *, #1051, .F. ) ;
#845 = SURFACE_SIDE_STYLE ('',( #214 ) ) ;
#846 =( GEOMETRIC_REPRESENTATION_CONTEXT ( 3 ) GLOBAL_UNCERTAINTY_ASSIGNED_CONTEXT ( ( #656 ) ) GLOBAL_UNIT_ASSIGNED_CONTEXT ( ( #946, #1054, #1185 ) ) REPRESENTATION_CONTEXT ( 'NONE', 'WORKASPACE' ) );
#847 = COLOUR_RGB ( '',0.1098039215686274495, 0.1098039215686274495, 0.1098039215686274495 ) ;
#848 = MECHANICAL_DESIGN_GEOMETRIC_PRESENTATION_REPRESENTATION (  '', ( #997 ), #915 ) ;
#849 = VECTOR ( 'NONE', #1346, 1000.000000000000000 ) ;
#850 = STYLED_ITEM ( 'NONE', ( #1230 ), #227 ) ;
#851 = VECTOR ( 'NONE', #313, 1000.000000000000000 ) ;
#852 = VERTEX_POINT ( 'NONE', #562 ) ;
#853 = PLANE ( 'NONE',  #691 ) ;
#854 = ADVANCED_FACE ( 'NONE', ( #1088 ), #240, .F. ) ;
#855 = CARTESIAN_POINT ( 'NONE',  ( -3.995000000000000107, 0.8005000000000001004, 1.000000000000000000 ) ) ;
#856 = VERTEX_POINT ( 'NONE', #1323 ) ;
#857 = DIRECTION ( 'NONE',  ( -1.594414959537506187E-16, 0.000000000000000000, -1.000000000000000000 ) ) ;
#858 = DIRECTION ( 'NONE',  ( 0.000000000000000000, 0.000000000000000000, 1.000000000000000000 ) ) ;
#859 = DIRECTION ( 'NONE',  ( 0.000000000000000000, 0.000000000000000000, 1.000000000000000000 ) ) ;
#860 = PLANE ( 'NONE',  #1169 ) ;
#861 = UNCERTAINTY_MEASURE_WITH_UNIT (LENGTH_MEASURE( 1.000000000000000082E-05 ), #1154, 'distance_accuracy_value', 'NONE');
#862 = ORIENTED_EDGE ( 'NONE', *, *, #942, .T. ) ;
#863 =( NAMED_UNIT ( * ) SI_UNIT ( $, .STERADIAN. ) SOLID_ANGLE_UNIT ( ) );
#864 = STYLED_ITEM ( 'NONE', ( #1356 ), #704 ) ;
#865 = FILL_AREA_STYLE ('',( #123 ) ) ;
#866 = AXIS2_PLACEMENT_3D ( 'NONE', #1082, #526, #970 ) ;
#867 =( LENGTH_UNIT ( ) NAMED_UNIT ( * ) SI_UNIT ( .MILLI., .METRE. ) );
#868 = COLOUR_RGB ( '',0.5372549019607842924, 0.3490196078431372362, 0.3372549019607843368 ) ;
#869 = PRODUCT_DEFINITION_CONTEXT ( 'detailed design', #1293, 'design' ) ;
#870 = PRESENTATION_STYLE_ASSIGNMENT (( #370 ) ) ;
#871 = AXIS2_PLACEMENT_3D ( 'NONE', #66, #388, #933 ) ;
#872 = ADVANCED_FACE ( 'NONE', ( #1079 ), #782, .F. ) ;
#873 = AXIS2_PLACEMENT_3D ( 'NONE', #1067, #762, #967 ) ;
#874 = CARTESIAN_POINT ( 'NONE',  ( -3.995000000000000107, 0.8000000000000000444, -2.720000000000000195 ) ) ;
#875 = ORIENTED_EDGE ( 'NONE', *, *, #149, .F. ) ;
#876 = DIRECTION ( 'NONE',  ( 1.000000000000000000, 0.000000000000000000, 0.000000000000000000 ) ) ;
#877 = CARTESIAN_POINT ( 'NONE',  ( -1.494999999999999440, 0.7995000000000000995, -2.720000000000000195 ) ) ;
#878 = DIRECTION ( 'NONE',  ( 0.000000000000000000, 0.000000000000000000, 1.000000000000000000 ) ) ;
#879 = ADVANCED_FACE ( 'NONE', ( #773 ), #679, .T. ) ;
#880 = VERTEX_POINT ( 'NONE', #302 ) ;
#881 =( NAMED_UNIT ( * ) PLANE_ANGLE_UNIT ( ) SI_UNIT ( $, .RADIAN. ) );
#882 = UNCERTAINTY_MEASURE_WITH_UNIT (LENGTH_MEASURE( 1.000000000000000082E-05 ), #1126, 'distance_accuracy_value', 'NONE');
#883 = CARTESIAN_POINT ( 'NONE',  ( -3.995000000000000107, -0.8000000000000000444, -1.399999999999999911 ) ) ;
#884 = DIRECTION ( 'NONE',  ( 1.000000000000000000, -0.000000000000000000, -0.000000000000000000 ) ) ;
#885 = ORIENTED_EDGE ( 'NONE', *, *, #1227, .F. ) ;
#886 =( NAMED_UNIT ( * ) SI_UNIT ( $, .STERADIAN. ) SOLID_ANGLE_UNIT ( ) );
#887 = UNCERTAINTY_MEASURE_WITH_UNIT (LENGTH_MEASURE( 1.000000000000000082E-05 ), #1241, 'distance_accuracy_value', 'NONE');
#888 = MECHANICAL_DESIGN_GEOMETRIC_PRESENTATION_REPRESENTATION (  '', ( #342 ), #511 ) ;
#889 = CARTESIAN_POINT ( 'NONE',  ( -3.995000000000000107, -0.8005000000000001004, -1.000000000000000222 ) ) ;
#890 = PRESENTATION_LAYER_ASSIGNMENT (  '', '', ( #359 ) ) ;
#891 =( GEOMETRIC_REPRESENTATION_CONTEXT ( 3 ) GLOBAL_UNCERTAINTY_ASSIGNED_CONTEXT ( ( #339 ) ) GLOBAL_UNIT_ASSIGNED_CONTEXT ( ( #187, #306, #863 ) ) REPRESENTATION_CONTEXT ( 'NONE', 'WORKASPACE' ) );
#892 = VECTOR ( 'NONE', #1212, 1000.000000000000000 ) ;
#893 = CARTESIAN_POINT ( 'NONE',  ( -1.495000000000000329, 0.8005000000000001004, 2.720000000000000195 ) ) ;
#894 = FILL_AREA_STYLE ('',( #1191 ) ) ;
#895 = ORIENTED_EDGE ( 'NONE', *, *, #81, .T. ) ;
#896 =( LENGTH_UNIT ( ) NAMED_UNIT ( * ) SI_UNIT ( .MILLI., .METRE. ) );
#897 = ADVANCED_FACE ( 'NONE', ( #1134 ), #400, .F. ) ;
#898 = ADVANCED_FACE ( 'NONE', ( #389 ), #706, .F. ) ;
#899 = DIRECTION ( 'NONE',  ( -0.000000000000000000, -0.000000000000000000, -1.000000000000000000 ) ) ;
#900 = SURFACE_STYLE_USAGE ( .BOTH. , #137 ) ;
#901 =( LENGTH_UNIT ( ) NAMED_UNIT ( * ) SI_UNIT ( .MILLI., .METRE. ) );
#902 = EDGE_LOOP ( 'NONE', ( #1178, #396, #109, #862, #1319, #1215 ) ) ;
#903 = LINE ( 'NONE', #377, #688 ) ;
#904 =( LENGTH_UNIT ( ) NAMED_UNIT ( * ) SI_UNIT ( .MILLI., .METRE. ) );
#905 = CARTESIAN_POINT ( 'NONE',  ( 3.995000000000000107, -0.8005000000000001004, -1.399999999999999911 ) ) ;
#906 =( LENGTH_UNIT ( ) NAMED_UNIT ( * ) SI_UNIT ( .MILLI., .METRE. ) );
#907 = ORIENTED_EDGE ( 'NONE', *, *, #1227, .T. ) ;
#908 = SURFACE_STYLE_USAGE ( .BOTH. , #775 ) ;
#909 = SURFACE_SIDE_STYLE ('',( #1004 ) ) ;
#910 = FILL_AREA_STYLE_COLOUR ( '', #86 ) ;
#911 = CARTESIAN_POINT ( 'NONE',  ( 3.995000000000000107, -0.8000000000000000444, -1.399999999999999911 ) ) ;
#912 = VECTOR ( 'NONE', #305, 1000.000000000000000 ) ;
#913 = CARTESIAN_POINT ( 'NONE',  ( -3.995000000000000107, -0.8005000000000001004, 0.000000000000000000 ) ) ;
#914 = ADVANCED_FACE ( 'NONE', ( #1236 ), #1027, .F. ) ;
#915 =( GEOMETRIC_REPRESENTATION_CONTEXT ( 3 ) GLOBAL_UNCERTAINTY_ASSIGNED_CONTEXT ( ( #1296 ) ) GLOBAL_UNIT_ASSIGNED_CONTEXT ( ( #592, #415, #1253 ) ) REPRESENTATION_CONTEXT ( 'NONE', 'WORKASPACE' ) );
#916 = ORIENTED_EDGE ( 'NONE', *, *, #615, .F. ) ;
#917 = SURFACE_STYLE_FILL_AREA ( #62 ) ;
#918 = AXIS2_PLACEMENT_3D ( 'NONE', #581, #1292, #1189 ) ;
#919 = COLOUR_RGB ( '',0.1098039215686274495, 0.1098039215686274495, 0.1098039215686274495 ) ;
#920 = DIRECTION ( 'NONE',  ( -1.000000000000000000, 0.000000000000000000, 0.000000000000000000 ) ) ;
#921 = DIRECTION ( 'NONE',  ( -0.000000000000000000, -1.000000000000000000, -0.000000000000000000 ) ) ;
#922 = DIRECTION ( 'NONE',  ( -0.000000000000000000, 1.000000000000000000, -0.000000000000000000 ) ) ;
#923 =( NAMED_UNIT ( * ) PLANE_ANGLE_UNIT ( ) SI_UNIT ( $, .RADIAN. ) );
#924 = ORIENTED_EDGE ( 'NONE', *, *, #1019, .F. ) ;
#925 = ADVANCED_FACE ( 'NONE', ( #549 ), #972, .F. ) ;
#926 = FACE_OUTER_BOUND ( 'NONE', #774, .T. ) ;
#927 = SURFACE_STYLE_FILL_AREA ( #173 ) ;
#928 = DIRECTION ( 'NONE',  ( -0.000000000000000000, -0.000000000000000000, 1.000000000000000000 ) ) ;
#929 = CARTESIAN_POINT ( 'NONE',  ( -3.995000000000000107, 0.8005000000000001004, -2.720000000000000195 ) ) ;
#930 = ORIENTED_EDGE ( 'NONE', *, *, #1059, .F. ) ;
#931 = FACE_OUTER_BOUND ( 'NONE', #421, .T. ) ;
#932 = SURFACE_SIDE_STYLE ('',( #1030 ) ) ;
#933 = DIRECTION ( 'NONE',  ( 0.000000000000000000, -0.000000000000000000, -1.000000000000000000 ) ) ;
#934 = DIRECTION ( 'NONE',  ( 1.000000000000000000, 0.000000000000000000, -0.000000000000000000 ) ) ;
#935 = ORIENTED_EDGE ( 'NONE', *, *, #1281, .T. ) ;
#936 = AXIS2_PLACEMENT_3D ( 'NONE', #1372, #1057, #859 ) ;
#937 = VECTOR ( 'NONE', #1161, 1000.000000000000000 ) ;
#938 = PRESENTATION_LAYER_ASSIGNMENT (  '', '', ( #756 ) ) ;
#939 = STYLED_ITEM ( 'NONE', ( #521 ), #53 ) ;
#940 = MECHANICAL_DESIGN_GEOMETRIC_PRESENTATION_REPRESENTATION (  '', ( #249 ), #405 ) ;
#941 = VECTOR ( 'NONE', #776, 1000.000000000000000 ) ;
#942 = EDGE_CURVE ( 'NONE', #222, #595, #757, .T. ) ;
#943 = LINE ( 'NONE', #1146, #453 ) ;
#944 = DIRECTION ( 'NONE',  ( 0.000000000000000000, 0.000000000000000000, 1.000000000000000000 ) ) ;
#945 = ORIENTED_EDGE ( 'NONE', *, *, #1117, .F. ) ;
#946 =( LENGTH_UNIT ( ) NAMED_UNIT ( * ) SI_UNIT ( .MILLI., .METRE. ) );
#947 = EDGE_LOOP ( 'NONE', ( #1186, #401, #234, #924, #473, #1014, #968, #600 ) ) ;
#948 = DIRECTION ( 'NONE',  ( 0.000000000000000000, -1.000000000000000000, 0.000000000000000000 ) ) ;
#949 = CARTESIAN_POINT ( 'NONE',  ( 3.995000000000000107, -0.8005000000000001004, 0.000000000000000000 ) ) ;
#950 = DIRECTION ( 'NONE',  ( 1.000000000000000000, -0.000000000000000000, 0.000000000000000000 ) ) ;
#951 =( LENGTH_UNIT ( ) NAMED_UNIT ( * ) SI_UNIT ( .MILLI., .METRE. ) );
#952 = ORIENTED_EDGE ( 'NONE', *, *, #633, .T. ) ;
#953 =( NAMED_UNIT ( * ) SI_UNIT ( $, .STERADIAN. ) SOLID_ANGLE_UNIT ( ) );
#954 = PLANE ( 'NONE',  #611 ) ;
#955 =( LENGTH_UNIT ( ) NAMED_UNIT ( * ) SI_UNIT ( .MILLI., .METRE. ) );
#956 = EDGE_CURVE ( 'NONE', #186, #14, #335, .T. ) ;
#957 = FILL_AREA_STYLE ('',( #628 ) ) ;
#958 = CIRCLE ( 'NONE', #314, 1.000000000000000000 ) ;
#959 = EDGE_CURVE ( 'NONE', #722, #856, #209, .T. ) ;
#960 = ORIENTED_EDGE ( 'NONE', *, *, #1135, .F. ) ;
#961 = LINE ( 'NONE', #103, #626 ) ;
#962 = MECHANICAL_DESIGN_GEOMETRIC_PRESENTATION_REPRESENTATION (  '', ( #786 ), #179 ) ;
#963 = ORIENTED_EDGE ( 'NONE', *, *, #108, .F. ) ;
#964 =( NAMED_UNIT ( * ) PLANE_ANGLE_UNIT ( ) SI_UNIT ( $, .RADIAN. ) );
#965 = ORIENTED_EDGE ( 'NONE', *, *, #1321, .T. ) ;
#966 = ORIENTED_EDGE ( 'NONE', *, *, #259, .F. ) ;
#967 = DIRECTION ( 'NONE',  ( 1.000000000000000000, 0.000000000000000000, 0.000000000000000000 ) ) ;
#968 = ORIENTED_EDGE ( 'NONE', *, *, #1138, .F. ) ;
#969 = CARTESIAN_POINT ( 'NONE',  ( -3.995000000000000107, 0.8005000000000001004, 2.720000000000000195 ) ) ;
#970 = DIRECTION ( 'NONE',  ( 0.000000000000000000, 0.000000000000000000, -1.000000000000000000 ) ) ;
#971 = PLANE ( 'NONE',  #1224 ) ;
#972 = PLANE ( 'NONE',  #936 ) ;
#973 = LINE ( 'NONE', #874, #1358 ) ;
#974 = UNCERTAINTY_MEASURE_WITH_UNIT (LENGTH_MEASURE( 1.000000000000000082E-05 ), #1144, 'distance_accuracy_value', 'NONE');
#975 = EDGE_LOOP ( 'NONE', ( #376, #1277, #485, #390 ) ) ;
#976 = CARTESIAN_POINT ( 'NONE',  ( 3.995000000000000107, 0.8000000000000000444, 0.000000000000000000 ) ) ;
#977 =( GEOMETRIC_REPRESENTATION_CONTEXT ( 3 ) GLOBAL_UNCERTAINTY_ASSIGNED_CONTEXT ( ( #789 ) ) GLOBAL_UNIT_ASSIGNED_CONTEXT ( ( #1064, #686, #463 ) ) REPRESENTATION_CONTEXT ( 'NONE', 'WORKASPACE' ) );
#978 = LINE ( 'NONE', #135, #156 ) ;
#979 = VECTOR ( 'NONE', #60, 1000.000000000000000 ) ;
#980 = CARTESIAN_POINT ( 'NONE',  ( -1.495000000000000329, 0.8005000000000001004, 2.720000000000000195 ) ) ;
#981 = ORIENTED_EDGE ( 'NONE', *, *, #840, .T. ) ;
#982 = CARTESIAN_POINT ( 'NONE',  ( -3.995000000000000107, 0.8005000000000001004, -2.720000000000000195 ) ) ;
#983 = CARTESIAN_POINT ( 'NONE',  ( 3.995000000000000107, 0.8000000000000000444, 0.000000000000000000 ) ) ;
#984 = FILL_AREA_STYLE ('',( #1301 ) ) ;
#985 = EDGE_CURVE ( 'NONE', #1032, #1068, #174, .T. ) ;
#986 = VERTEX_POINT ( 'NONE', #1167 ) ;
#987 = CARTESIAN_POINT ( 'NONE',  ( 3.995000000000000107, 0.8005000000000001004, 1.000000000000000000 ) ) ;
#988 = DIRECTION ( 'NONE',  ( 0.000000000000000000, -0.000000000000000000, 1.000000000000000000 ) ) ;
#989 = UNCERTAINTY_MEASURE_WITH_UNIT (LENGTH_MEASURE( 1.000000000000000082E-05 ), #1099, 'distance_accuracy_value', 'NONE');
#990 = SURFACE_SIDE_STYLE ('',( #574 ) ) ;
#991 = FILL_AREA_STYLE_COLOUR ( '', #710 ) ;
#992 = ADVANCED_FACE ( 'NONE', ( #534 ), #726, .F. ) ;
#993 = EDGE_LOOP ( 'NONE', ( #1136, #803, #327, #1139 ) ) ;
#994 = DIRECTION ( 'NONE',  ( 0.000000000000000000, 0.000000000000000000, -1.000000000000000000 ) ) ;
#995 = EDGE_CURVE ( 'NONE', #507, #186, #1306, .T. ) ;
#996 = STYLED_ITEM ( 'NONE', ( #584 ), #879 ) ;
#997 = STYLED_ITEM ( 'NONE', ( #1016 ), #380 ) ;
#998 = VECTOR ( 'NONE', #472, 1000.000000000000000 ) ;
#999 = SURFACE_STYLE_FILL_AREA ( #258 ) ;
#1000 = VECTOR ( 'NONE', #144, 1000.000000000000000 ) ;
#1001 = AXIS2_PLACEMENT_3D ( 'NONE', #194, #1290, #554 ) ;
#1002 = EDGE_LOOP ( 'NONE', ( #1237, #960, #127, #243 ) ) ;
#1003 = CARTESIAN_POINT ( 'NONE',  ( -3.995000000000000107, -0.8005000000000001004, 1.000000000000000000 ) ) ;
#1004 = SURFACE_STYLE_FILL_AREA ( #798 ) ;
#1005 = DIRECTION ( 'NONE',  ( -0.000000000000000000, -1.000000000000000000, -0.000000000000000000 ) ) ;
#1006 = LINE ( 'NONE', #478, #493 ) ;
#1007 = ORIENTED_EDGE ( 'NONE', *, *, #777, .F. ) ;
#1008 = FILL_AREA_STYLE ('',( #1115 ) ) ;
#1009 = DIRECTION ( 'NONE',  ( -1.000000000000000000, -0.000000000000000000, -0.000000000000000000 ) ) ;
#1010 = EDGE_CURVE ( 'NONE', #1370, #986, #771, .T. ) ;
#1011 =( NAMED_UNIT ( * ) SI_UNIT ( $, .STERADIAN. ) SOLID_ANGLE_UNIT ( ) );
#1012 = PLANE ( 'NONE',  #270 ) ;
#1013 =( NAMED_UNIT ( * ) SI_UNIT ( $, .STERADIAN. ) SOLID_ANGLE_UNIT ( ) );
#1014 = ORIENTED_EDGE ( 'NONE', *, *, #684, .F. ) ;
#1015 = CARTESIAN_POINT ( 'NONE',  ( 3.995000000000000107, 0.8005000000000001004, 0.000000000000000000 ) ) ;
#1016 = PRESENTATION_STYLE_ASSIGNMENT (( #154 ) ) ;
#1017 = PLANE ( 'NONE',  #1043 ) ;
#1018 = VECTOR ( 'NONE', #52, 1000.000000000000000 ) ;
#1019 = EDGE_CURVE ( 'NONE', #160, #577, #1077, .T. ) ;
#1020 = MECHANICAL_DESIGN_GEOMETRIC_PRESENTATION_REPRESENTATION (  '', ( #585 ), #754 ) ;
#1021 = COLOUR_RGB ( '',0.5372549019607842924, 0.3490196078431372362, 0.3372549019607843368 ) ;
#1022 = VERTEX_POINT ( 'NONE', #35 ) ;
#1023 = VECTOR ( 'NONE', #876, 1000.000000000000000 ) ;
#1024 = STYLED_ITEM ( 'NONE', ( #1183 ), #1374 ) ;
#1025 = CARTESIAN_POINT ( 'NONE',  ( -3.995000000000000107, 0.7995000000000000995, -1.000000000000000222 ) ) ;
#1026 = PRESENTATION_STYLE_ASSIGNMENT (( #1113 ) ) ;
#1027 = PLANE ( 'NONE',  #216 ) ;
#1028 = ORIENTED_EDGE ( 'NONE', *, *, #1034, .T. ) ;
#1029 = CARTESIAN_POINT ( 'NONE',  ( -3.995000000000000107, 0.8000000000000000444, 2.720000000000000195 ) ) ;
#1030 = SURFACE_STYLE_FILL_AREA ( #1350 ) ;
#1031 =( NAMED_UNIT ( * ) SI_UNIT ( $, .STERADIAN. ) SOLID_ANGLE_UNIT ( ) );
#1032 = VERTEX_POINT ( 'NONE', #1209 ) ;
#1033 = DIRECTION ( 'NONE',  ( 0.000000000000000000, 0.000000000000000000, 1.000000000000000000 ) ) ;
#1034 = EDGE_CURVE ( 'NONE', #61, #852, #386, .T. ) ;
#1035 = ORIENTED_EDGE ( 'NONE', *, *, #12, .T. ) ;
#1036 = EDGE_CURVE ( 'NONE', #1121, #577, #1316, .T. ) ;
#1037 =( LENGTH_UNIT ( ) NAMED_UNIT ( * ) SI_UNIT ( .MILLI., .METRE. ) );
#1038 = DIRECTION ( 'NONE',  ( 0.000000000000000000, -1.000000000000000000, 0.000000000000000000 ) ) ;
#1039 = ORIENTED_EDGE ( 'NONE', *, *, #749, .T. ) ;
#1040 = DIRECTION ( 'NONE',  ( -0.000000000000000000, -1.000000000000000000, -0.000000000000000000 ) ) ;
#1041 = COLOUR_RGB ( '',0.5372549019607842924, 0.3490196078431372362, 0.3372549019607843368 ) ;
#1042 = AXIS2_PLACEMENT_3D ( 'NONE', #1081, #121, #128 ) ;
#1043 = AXIS2_PLACEMENT_3D ( 'NONE', #1279, #215, #858 ) ;
#1044 = CIRCLE ( 'NONE', #1222, 1.000000000000000000 ) ;
#1045 = VECTOR ( 'NONE', #436, 1000.000000000000000 ) ;
#1046 = LINE ( 'NONE', #432, #1203 ) ;
#1047 = PLANE ( 'NONE',  #1341 ) ;
#1048 = SURFACE_SIDE_STYLE ('',( #95 ) ) ;
#1049 = PRESENTATION_STYLE_ASSIGNMENT (( #106 ) ) ;
#1050 = VERTEX_POINT ( 'NONE', #124 ) ;
#1051 = EDGE_CURVE ( 'NONE', #1373, #190, #30, .T. ) ;
#1052 =( NAMED_UNIT ( * ) PLANE_ANGLE_UNIT ( ) SI_UNIT ( $, .RADIAN. ) );
#1053 = CARTESIAN_POINT ( 'NONE',  ( -3.995000000000000107, 0.8005000000000001004, -1.000000000000000222 ) ) ;
#1054 =( NAMED_UNIT ( * ) PLANE_ANGLE_UNIT ( ) SI_UNIT ( $, .RADIAN. ) );
#1055 = VERTEX_POINT ( 'NONE', #883 ) ;
#1056 = SURFACE_STYLE_USAGE ( .BOTH. , #845 ) ;
#1057 = DIRECTION ( 'NONE',  ( -1.000000000000000000, 0.000000000000000000, 0.000000000000000000 ) ) ;
#1058 = ORIENTED_EDGE ( 'NONE', *, *, #365, .T. ) ;
#1059 = EDGE_CURVE ( 'NONE', #1068, #1355, #456, .T. ) ;
#1060 = VECTOR ( 'NONE', #1325, 1000.000000000000000 ) ;
#1061 = VERTEX_POINT ( 'NONE', #676 ) ;
#1062 = CIRCLE ( 'NONE', #466, 1.399999999999999911 ) ;
#1063 = PRESENTATION_LAYER_ASSIGNMENT (  '', '', ( #939 ) ) ;
#1064 =( LENGTH_UNIT ( ) NAMED_UNIT ( * ) SI_UNIT ( .MILLI., .METRE. ) );
#1065 = UNCERTAINTY_MEASURE_WITH_UNIT (LENGTH_MEASURE( 1.000000000000000082E-05 ), #343, 'distance_accuracy_value', 'NONE');
#1066 = EDGE_CURVE ( 'NONE', #479, #1160, #666, .T. ) ;
#1067 = CARTESIAN_POINT ( 'NONE',  ( 0.000000000000000000, 0.000000000000000000, 0.000000000000000000 ) ) ;
#1068 = VERTEX_POINT ( 'NONE', #1300 ) ;
#1069 = DIRECTION ( 'NONE',  ( 0.000000000000000000, 0.000000000000000000, -1.000000000000000000 ) ) ;
#1070 = SURFACE_STYLE_FILL_AREA ( #573 ) ;
#1071 = DIRECTION ( 'NONE',  ( 0.000000000000000000, 0.000000000000000000, -1.000000000000000000 ) ) ;
#1072 = ORIENTED_EDGE ( 'NONE', *, *, #995, .F. ) ;
#1073 = ORIENTED_EDGE ( 'NONE', *, *, #703, .T. ) ;
#1074 = DIRECTION ( 'NONE',  ( 1.000000000000000000, -0.000000000000000000, -0.000000000000000000 ) ) ;
#1075 = CARTESIAN_POINT ( 'NONE',  ( 1.494999999999999440, 0.7995000000000000995, -2.720000000000000195 ) ) ;
#1076 = EDGE_CURVE ( 'NONE', #1068, #479, #978, .T. ) ;
#1077 = LINE ( 'NONE', #1184, #733 ) ;
#1078 = FACE_OUTER_BOUND ( 'NONE', #501, .T. ) ;
#1079 = FACE_OUTER_BOUND ( 'NONE', #373, .T. ) ;
#1080 = ORIENTED_EDGE ( 'NONE', *, *, #81, .F. ) ;
#1081 = CARTESIAN_POINT ( 'NONE',  ( 3.995000000000000107, 0.8000000000000000444, 0.000000000000000000 ) ) ;
#1082 = CARTESIAN_POINT ( 'NONE',  ( -3.995000000000000107, 0.8005000000000001004, -1.000000000000000222 ) ) ;
#1083 = STYLED_ITEM ( 'NONE', ( #63 ), #374 ) ;
#1084 = AXIS2_PLACEMENT_3D ( 'NONE', #498, #1375, #616 ) ;
#1085 =( GEOMETRIC_REPRESENTATION_CONTEXT ( 3 ) GLOBAL_UNCERTAINTY_ASSIGNED_CONTEXT ( ( #989 ) ) GLOBAL_UNIT_ASSIGNED_CONTEXT ( ( #1099, #262, #1031 ) ) REPRESENTATION_CONTEXT ( 'NONE', 'WORKASPACE' ) );
#1086 = CARTESIAN_POINT ( 'NONE',  ( -3.995000000000000107, 0.8000000000000000444, 2.720000000000000195 ) ) ;
#1087 = VECTOR ( 'NONE', #1249, 1000.000000000000000 ) ;
#1088 = FACE_OUTER_BOUND ( 'NONE', #45, .T. ) ;
#1089 = VERTEX_POINT ( 'NONE', #356 ) ;
#1090 = CARTESIAN_POINT ( 'NONE',  ( -3.995000000000000107, 0.8005000000000001004, -2.720000000000000195 ) ) ;
#1091 = CARTESIAN_POINT ( 'NONE',  ( 1.495000000000000329, 0.7995000000000000995, 2.720000000000000195 ) ) ;
#1092 = FACE_OUTER_BOUND ( 'NONE', #412, .T. ) ;
#1093 = EDGE_CURVE ( 'NONE', #1032, #1370, #1201, .T. ) ;
#1094 = DIRECTION ( 'NONE',  ( 0.000000000000000000, 0.000000000000000000, 1.000000000000000000 ) ) ;
#1095 = ADVANCED_FACE ( 'NONE', ( #1092 ), #345, .T. ) ;
#1096 = ORIENTED_EDGE ( 'NONE', *, *, #539, .F. ) ;
#1097 = LINE ( 'NONE', #261, #1262 ) ;
#1098 = UNCERTAINTY_MEASURE_WITH_UNIT (LENGTH_MEASURE( 1.000000000000000082E-05 ), #264, 'distance_accuracy_value', 'NONE');
#1099 =( LENGTH_UNIT ( ) NAMED_UNIT ( * ) SI_UNIT ( .MILLI., .METRE. ) );
#1100 = CARTESIAN_POINT ( 'NONE',  ( -1.494999999999999440, 0.8005000000000001004, -2.720000000000000195 ) ) ;
#1101 = VERTEX_POINT ( 'NONE', #1025 ) ;
#1102 = DIRECTION ( 'NONE',  ( 0.000000000000000000, 0.000000000000000000, -1.000000000000000000 ) ) ;
#1103 = STYLED_ITEM ( 'NONE', ( #1329 ), #854 ) ;
#1104 = MECHANICAL_DESIGN_GEOMETRIC_PRESENTATION_REPRESENTATION (  '', ( #756 ), #269 ) ;
#1105 = PRESENTATION_STYLE_ASSIGNMENT (( #795 ) ) ;
#1106 = AXIS2_PLACEMENT_3D ( 'NONE', #232, #263, #780 ) ;
#1107 = PRESENTATION_LAYER_ASSIGNMENT (  '', '', ( #342 ) ) ;
#1108 = ORIENTED_EDGE ( 'NONE', *, *, #1110, .T. ) ;
#1109 = DIRECTION ( 'NONE',  ( 0.000000000000000000, 0.000000000000000000, 1.000000000000000000 ) ) ;
#1110 = EDGE_CURVE ( 'NONE', #1160, #1089, #482, .T. ) ;
#1111 =( NAMED_UNIT ( * ) SI_UNIT ( $, .STERADIAN. ) SOLID_ANGLE_UNIT ( ) );
#1112 = CARTESIAN_POINT ( 'NONE',  ( -3.995000000000000107, -0.8000000000000000444, 2.720000000000000195 ) ) ;
#1113 = SURFACE_STYLE_USAGE ( .BOTH. , #1133 ) ;
#1114 = ORIENTED_EDGE ( 'NONE', *, *, #1312, .T. ) ;
#1115 = FILL_AREA_STYLE_COLOUR ( '', #1021 ) ;
#1116 = SURFACE_SIDE_STYLE ('',( #572 ) ) ;
#1117 = EDGE_CURVE ( 'NONE', #150, #451, #1248, .T. ) ;
#1118 = SURFACE_STYLE_FILL_AREA ( #830 ) ;
#1119 = DIRECTION ( 'NONE',  ( -0.000000000000000000, 1.000000000000000000, -0.000000000000000000 ) ) ;
#1120 = SURFACE_SIDE_STYLE ('',( #814 ) ) ;
#1121 = VERTEX_POINT ( 'NONE', #603 ) ;
#1122 =( NAMED_UNIT ( * ) PLANE_ANGLE_UNIT ( ) SI_UNIT ( $, .RADIAN. ) );
#1123 = FILL_AREA_STYLE_COLOUR ( '', #535 ) ;
#1124 = FILL_AREA_STYLE ('',( #714 ) ) ;
#1125 = MECHANICAL_DESIGN_GEOMETRIC_PRESENTATION_REPRESENTATION (  '', ( #359 ), #559 ) ;
#1126 =( LENGTH_UNIT ( ) NAMED_UNIT ( * ) SI_UNIT ( .MILLI., .METRE. ) );
#1127 = PRESENTATION_LAYER_ASSIGNMENT (  '', '', ( #1244 ) ) ;
#1128 = PRESENTATION_LAYER_ASSIGNMENT (  '', '', ( #624 ) ) ;
#1129 = LINE ( 'NONE', #1029, #622 ) ;
#1130 = MECHANICAL_DESIGN_GEOMETRIC_PRESENTATION_REPRESENTATION (  '', ( #939 ), #1202 ) ;
#1131 = MECHANICAL_DESIGN_GEOMETRIC_PRESENTATION_REPRESENTATION (  '', ( #1024 ), #1366 ) ;
#1132 = ORIENTED_EDGE ( 'NONE', *, *, #295, .T. ) ;
#1133 = SURFACE_SIDE_STYLE ('',( #1347 ) ) ;
#1134 = FACE_OUTER_BOUND ( 'NONE', #1002, .T. ) ;
#1135 = EDGE_CURVE ( 'NONE', #507, #1050, #301, .T. ) ;
#1136 = ORIENTED_EDGE ( 'NONE', *, *, #1194, .T. ) ;
#1137 = SURFACE_STYLE_FILL_AREA ( #88 ) ;
#1138 = EDGE_CURVE ( 'NONE', #595, #1089, #1229, .T. ) ;
#1139 = ORIENTED_EDGE ( 'NONE', *, *, #1036, .T. ) ;
#1140 = DIRECTION ( 'NONE',  ( -0.000000000000000000, -0.000000000000000000, 1.000000000000000000 ) ) ;
#1141 = LINE ( 'NONE', #612, #734 ) ;
#1142 = SURFACE_STYLE_FILL_AREA ( #721 ) ;
#1143 = ORIENTED_EDGE ( 'NONE', *, *, #1240, .F. ) ;
#1144 =( LENGTH_UNIT ( ) NAMED_UNIT ( * ) SI_UNIT ( .MILLI., .METRE. ) );
#1145 = CARTESIAN_POINT ( 'NONE',  ( 3.995000000000000107, 0.8000000000000000444, -2.720000000000000195 ) ) ;
#1146 = CARTESIAN_POINT ( 'NONE',  ( 3.995000000000000107, 0.7995000000000000995, -1.000000000000000222 ) ) ;
#1147 = SURFACE_STYLE_FILL_AREA ( #112 ) ;
#1148 = STYLED_ITEM ( 'NONE', ( #808 ), #809 ) ;
#1149 = DIRECTION ( 'NONE',  ( 0.000000000000000000, 0.000000000000000000, -1.000000000000000000 ) ) ;
#1150 = CARTESIAN_POINT ( 'NONE',  ( 3.995000000000000107, 0.7995000000000000995, 2.720000000000000195 ) ) ;
#1151 = VECTOR ( 'NONE', #699, 1000.000000000000000 ) ;
#1152 =( NAMED_UNIT ( * ) SI_UNIT ( $, .STERADIAN. ) SOLID_ANGLE_UNIT ( ) );
#1153 = ORIENTED_EDGE ( 'NONE', *, *, #404, .T. ) ;
#1154 =( LENGTH_UNIT ( ) NAMED_UNIT ( * ) SI_UNIT ( .MILLI., .METRE. ) );
#1155 = VECTOR ( 'NONE', #661, 1000.000000000000000 ) ;
#1156 = PRESENTATION_LAYER_ASSIGNMENT (  '', '', ( #759 ) ) ;
#1157 = DIRECTION ( 'NONE',  ( -0.000000000000000000, 1.000000000000000000, -0.000000000000000000 ) ) ;
#1158 = DIRECTION ( 'NONE',  ( 1.000000000000000000, 0.000000000000000000, -0.000000000000000000 ) ) ;
#1159 = FACE_OUTER_BOUND ( 'NONE', #902, .T. ) ;
#1160 = VERTEX_POINT ( 'NONE', #162 ) ;
#1161 = DIRECTION ( 'NONE',  ( -0.000000000000000000, 1.000000000000000000, -0.000000000000000000 ) ) ;
#1162 = EDGE_CURVE ( 'NONE', #702, #1022, #477, .T. ) ;
#1163 = DIRECTION ( 'NONE',  ( -0.000000000000000000, -1.000000000000000000, -0.000000000000000000 ) ) ;
#1164 = ORIENTED_EDGE ( 'NONE', *, *, #419, .F. ) ;
#1165 = FILL_AREA_STYLE ('',( #652 ) ) ;
#1166 = DIRECTION ( 'NONE',  ( -0.000000000000000000, -0.000000000000000000, -1.000000000000000000 ) ) ;
#1167 = CARTESIAN_POINT ( 'NONE',  ( -3.995000000000000107, -0.8005000000000001004, -1.399999999999999911 ) ) ;
#1168 = ORIENTED_EDGE ( 'NONE', *, *, #484, .T. ) ;
#1169 = AXIS2_PLACEMENT_3D ( 'NONE', #1282, #226, #551 ) ;
#1170 = ORIENTED_EDGE ( 'NONE', *, *, #259, .T. ) ;
#1171 = LINE ( 'NONE', #969, #85 ) ;
#1172 = AXIS2_PLACEMENT_3D ( 'NONE', #278, #183, #499 ) ;
#1173 = MECHANICAL_DESIGN_GEOMETRIC_PRESENTATION_REPRESENTATION (  '', ( #1289 ), #694 ) ;
#1174 = FILL_AREA_STYLE ('',( #1371 ) ) ;
#1175 = MECHANICAL_DESIGN_GEOMETRIC_PRESENTATION_REPRESENTATION (  '', ( #850 ), #829 ) ;
#1176 =( NAMED_UNIT ( * ) PLANE_ANGLE_UNIT ( ) SI_UNIT ( $, .RADIAN. ) );
#1177 = ADVANCED_FACE ( 'NONE', ( #618 ), #71, .F. ) ;
#1178 = ORIENTED_EDGE ( 'NONE', *, *, #1059, .T. ) ;
#1179 =( NAMED_UNIT ( * ) PLANE_ANGLE_UNIT ( ) SI_UNIT ( $, .RADIAN. ) );
#1180 = UNCERTAINTY_MEASURE_WITH_UNIT (LENGTH_MEASURE( 1.000000000000000082E-05 ), #529, 'distance_accuracy_value', 'NONE');
#1181 = ORIENTED_EDGE ( 'NONE', *, *, #547, .T. ) ;
#1182 = DIRECTION ( 'NONE',  ( 0.000000000000000000, 0.000000000000000000, -1.000000000000000000 ) ) ;
#1183 = PRESENTATION_STYLE_ASSIGNMENT (( #1299 ) ) ;
#1184 = CARTESIAN_POINT ( 'NONE',  ( 3.995000000000000107, -0.8000000000000000444, -2.720000000000000195 ) ) ;
#1185 =( NAMED_UNIT ( * ) SI_UNIT ( $, .STERADIAN. ) SOLID_ANGLE_UNIT ( ) );
#1186 = ORIENTED_EDGE ( 'NONE', *, *, #369, .F. ) ;
#1187 = CARTESIAN_POINT ( 'NONE',  ( 1.495000000000000329, 0.8005000000000001004, 2.720000000000000195 ) ) ;
#1188 = LINE ( 'NONE', #236, #941 ) ;
#1189 = DIRECTION ( 'NONE',  ( 0.000000000000000000, 0.000000000000000000, 1.000000000000000000 ) ) ;
#1190 = SURFACE_STYLE_FILL_AREA ( #984 ) ;
#1191 = FILL_AREA_STYLE_COLOUR ( '', #1041 ) ;
#1192 =( GEOMETRIC_REPRESENTATION_CONTEXT ( 3 ) GLOBAL_UNCERTAINTY_ASSIGNED_CONTEXT ( ( #119 ) ) GLOBAL_UNIT_ASSIGNED_CONTEXT ( ( #761, #964, #448 ) ) REPRESENTATION_CONTEXT ( 'NONE', 'WORKASPACE' ) );
#1193 = MECHANICAL_DESIGN_GEOMETRIC_PRESENTATION_REPRESENTATION (  '', ( #241 ), #1192 ) ;
#1194 = EDGE_CURVE ( 'NONE', #577, #1022, #1335, .T. ) ;
#1195 = SURFACE_STYLE_USAGE ( .BOTH. , #1116 ) ;
#1196 = CIRCLE ( 'NONE', #558, 1.399999999999999911 ) ;
#1197 = COLOUR_RGB ( '',0.5372549019607842924, 0.3490196078431372362, 0.3372549019607843368 ) ;
#1198 = UNCERTAINTY_MEASURE_WITH_UNIT (LENGTH_MEASURE( 1.000000000000000082E-05 ), #820, 'distance_accuracy_value', 'NONE');
#1199 = STYLED_ITEM ( 'NONE', ( #827 ), #445 ) ;
#1200 = ADVANCED_FACE ( 'NONE', ( #292 ), #1017, .F. ) ;
#1201 = LINE ( 'NONE', #231, #671 ) ;
#1202 =( GEOMETRIC_REPRESENTATION_CONTEXT ( 3 ) GLOBAL_UNCERTAINTY_ASSIGNED_CONTEXT ( ( #1208 ) ) GLOBAL_UNIT_ASSIGNED_CONTEXT ( ( #543, #336, #582 ) ) REPRESENTATION_CONTEXT ( 'NONE', 'WORKASPACE' ) );
#1203 = VECTOR ( 'NONE', #92, 1000.000000000000000 ) ;
#1204 = DIRECTION ( 'NONE',  ( -0.000000000000000000, 1.000000000000000000, 0.000000000000000000 ) ) ;
#1205 = EDGE_LOOP ( 'NONE', ( #807, #1331, #353, #1164 ) ) ;
#1206 = CARTESIAN_POINT ( 'NONE',  ( -3.995000000000000107, -0.8000000000000000444, 0.000000000000000000 ) ) ;
#1207 =( NAMED_UNIT ( * ) SI_UNIT ( $, .STERADIAN. ) SOLID_ANGLE_UNIT ( ) );
#1208 = UNCERTAINTY_MEASURE_WITH_UNIT (LENGTH_MEASURE( 1.000000000000000082E-05 ), #543, 'distance_accuracy_value', 'NONE');
#1209 = CARTESIAN_POINT ( 'NONE',  ( -3.995000000000000107, 0.8000000000000000444, -1.000000000000000444 ) ) ;
#1210 = ORIENTED_EDGE ( 'NONE', *, *, #1281, .F. ) ;
#1211 = CARTESIAN_POINT ( 'NONE',  ( 3.995000000000000107, -0.8005000000000001004, 1.000000000000000000 ) ) ;
#1212 = DIRECTION ( 'NONE',  ( -0.000000000000000000, -0.000000000000000000, 1.000000000000000000 ) ) ;
#1213 = FILL_AREA_STYLE_COLOUR ( '', #1339 ) ;
#1214 =( NAMED_UNIT ( * ) SI_UNIT ( $, .STERADIAN. ) SOLID_ANGLE_UNIT ( ) );
#1215 = ORIENTED_EDGE ( 'NONE', *, *, #1076, .F. ) ;
#1216 = FACE_OUTER_BOUND ( 'NONE', #587, .T. ) ;
#1217 = STYLED_ITEM ( 'NONE', ( #544 ), #831 ) ;
#1218 = APPLICATION_CONTEXT ( 'automotive_design' ) ;
#1219 = COLOUR_RGB ( '',0.1098039215686274495, 0.1098039215686274495, 0.1098039215686274495 ) ;
#1220 = AXIS2_PLACEMENT_3D ( 'NONE', #416, #307, #625 ) ;
#1221 = FACE_OUTER_BOUND ( 'NONE', #213, .T. ) ;
#1222 = AXIS2_PLACEMENT_3D ( 'NONE', #832, #1119, #1359 ) ;
#1223 = FILL_AREA_STYLE ('',( #411 ) ) ;
#1224 = AXIS2_PLACEMENT_3D ( 'NONE', #983, #141, #34 ) ;
#1225 = ORIENTED_EDGE ( 'NONE', *, *, #684, .T. ) ;
#1226 = CARTESIAN_POINT ( 'NONE',  ( 3.995000000000000107, -0.8005000000000001004, 1.399999999999999911 ) ) ;
#1227 = EDGE_CURVE ( 'NONE', #1101, #407, #449, .T. ) ;
#1228 =( LENGTH_UNIT ( ) NAMED_UNIT ( * ) SI_UNIT ( .MILLI., .METRE. ) );
#1229 = LINE ( 'NONE', #1112, #220 ) ;
#1230 = PRESENTATION_STYLE_ASSIGNMENT (( #806 ) ) ;
#1231 = SURFACE_STYLE_USAGE ( .BOTH. , #620 ) ;
#1232 = ORIENTED_EDGE ( 'NONE', *, *, #276, .F. ) ;
#1233 = CARTESIAN_POINT ( 'NONE',  ( 3.995000000000000107, 0.8000000000000000444, 1.000000000000000000 ) ) ;
#1234 = CYLINDRICAL_SURFACE ( 'NONE', #608, 1.000000000000000222 ) ;
#1235 = LINE ( 'NONE', #285, #979 ) ;
#1236 = FACE_OUTER_BOUND ( 'NONE', #617, .T. ) ;
#1237 = ORIENTED_EDGE ( 'NONE', *, *, #219, .T. ) ;
#1238 = EDGE_CURVE ( 'NONE', #14, #192, #961, .T. ) ;
#1239 = VECTOR ( 'NONE', #1308, 1000.000000000000000 ) ;
#1240 = EDGE_CURVE ( 'NONE', #1061, #1297, #332, .T. ) ;
#1241 =( LENGTH_UNIT ( ) NAMED_UNIT ( * ) SI_UNIT ( .MILLI., .METRE. ) );
#1242 = SURFACE_SIDE_STYLE ('',( #1354 ) ) ;
#1243 = COLOUR_RGB ( '',0.5372549019607842924, 0.3490196078431372362, 0.3372549019607843368 ) ;
#1244 = STYLED_ITEM ( 'NONE', ( #870 ), #1095 ) ;
#1245 =( GEOMETRIC_REPRESENTATION_CONTEXT ( 3 ) GLOBAL_UNCERTAINTY_ASSIGNED_CONTEXT ( ( #148 ) ) GLOBAL_UNIT_ASSIGNED_CONTEXT ( ( #50, #569, #351 ) ) REPRESENTATION_CONTEXT ( 'NONE', 'WORKASPACE' ) );
#1246 = ORIENTED_EDGE ( 'NONE', *, *, #1267, .F. ) ;
#1247 = FILL_AREA_STYLE_COLOUR ( '', #358 ) ;
#1248 = LINE ( 'NONE', #719, #47 ) ;
#1249 = DIRECTION ( 'NONE',  ( -0.000000000000000000, -1.000000000000000000, -0.000000000000000000 ) ) ;
#1250 = ORIENTED_EDGE ( 'NONE', *, *, #257, .T. ) ;
#1251 = DIRECTION ( 'NONE',  ( -0.000000000000000000, -1.000000000000000000, -0.000000000000000000 ) ) ;
#1252 = ORIENTED_EDGE ( 'NONE', *, *, #136, .T. ) ;
#1253 =( NAMED_UNIT ( * ) SI_UNIT ( $, .STERADIAN. ) SOLID_ANGLE_UNIT ( ) );
#1254 = DIRECTION ( 'NONE',  ( -0.000000000000000000, -1.000000000000000000, 0.000000000000000000 ) ) ;
#1255 = DIRECTION ( 'NONE',  ( 0.000000000000000000, 0.000000000000000000, -1.000000000000000000 ) ) ;
#1256 = LINE ( 'NONE', #181, #487 ) ;
#1257 = DIRECTION ( 'NONE',  ( 0.000000000000000000, 0.000000000000000000, -1.000000000000000000 ) ) ;
#1258 = CARTESIAN_POINT ( 'NONE',  ( 1.495000000000000329, 0.8005000000000001004, 2.720000000000000195 ) ) ;
#1259 = PRODUCT ( 'Part177', 'Part177', '', ( #420 ) ) ;
#1260 =( NAMED_UNIT ( * ) PLANE_ANGLE_UNIT ( ) SI_UNIT ( $, .RADIAN. ) );
#1261 = ORIENTED_EDGE ( 'NONE', *, *, #13, .T. ) ;
#1262 = VECTOR ( 'NONE', #804, 1000.000000000000000 ) ;
#1263 = CIRCLE ( 'NONE', #1042, 1.000000000000000222 ) ;
#1264 = ORIENTED_EDGE ( 'NONE', *, *, #1034, .F. ) ;
#1265 = AXIS2_PLACEMENT_3D ( 'NONE', #158, #593, #43 ) ;
#1266 = PRESENTATION_LAYER_ASSIGNMENT (  '', '', ( #1289 ) ) ;
#1267 = EDGE_CURVE ( 'NONE', #880, #451, #323, .T. ) ;
#1268 =( NAMED_UNIT ( * ) PLANE_ANGLE_UNIT ( ) SI_UNIT ( $, .RADIAN. ) );
#1269 = PRESENTATION_STYLE_ASSIGNMENT (( #206 ) ) ;
#1270 = VERTEX_POINT ( 'NONE', #110 ) ;
#1271 = ORIENTED_EDGE ( 'NONE', *, *, #985, .T. ) ;
#1272 = PRODUCT_RELATED_PRODUCT_CATEGORY ( 'part', '', ( #1259 ) ) ;
#1273 = LINE ( 'NONE', #1145, #674 ) ;
#1274 = ADVANCED_BREP_SHAPE_REPRESENTATION ( 'Part177', ( #352, #374, #809, #873 ), #536 ) ;
#1275 =( NAMED_UNIT ( * ) SI_UNIT ( $, .STERADIAN. ) SOLID_ANGLE_UNIT ( ) );
#1276 = SURFACE_STYLE_FILL_AREA ( #957 ) ;
#1277 = ORIENTED_EDGE ( 'NONE', *, *, #613, .F. ) ;
#1278 = CARTESIAN_POINT ( 'NONE',  ( -3.995000000000000107, -0.8005000000000001004, 1.399999999999999911 ) ) ;
#1279 = CARTESIAN_POINT ( 'NONE',  ( 3.995000000000000107, 0.8005000000000001004, -1.000000000000000222 ) ) ;
#1280 = CARTESIAN_POINT ( 'NONE',  ( -3.995000000000000107, -0.8000000000000000444, 2.720000000000000195 ) ) ;
#1281 = EDGE_CURVE ( 'NONE', #1297, #1270, #1046, .T. ) ;
#1282 = CARTESIAN_POINT ( 'NONE',  ( 3.995000000000000107, 0.7995000000000000995, 0.000000000000000000 ) ) ;
#1283 = PRESENTATION_LAYER_ASSIGNMENT (  '', '', ( #1148 ) ) ;
#1284 = STYLED_ITEM ( 'NONE', ( #164 ), #352 ) ;
#1285 = VERTEX_POINT ( 'NONE', #1258 ) ;
#1286 = LINE ( 'NONE', #987, #1151 ) ;
#1287 = AXIS2_PLACEMENT_3D ( 'NONE', #233, #662, #1094 ) ;
#1288 = PRESENTATION_LAYER_ASSIGNMENT (  '', '', ( #1199 ) ) ;
#1289 = STYLED_ITEM ( 'NONE', ( #1026 ), #165 ) ;
#1290 = DIRECTION ( 'NONE',  ( 0.000000000000000000, 0.000000000000000000, -1.000000000000000000 ) ) ;
#1291 = SURFACE_SIDE_STYLE ('',( #442 ) ) ;
#1292 = DIRECTION ( 'NONE',  ( -0.000000000000000000, -1.000000000000000000, -0.000000000000000000 ) ) ;
#1293 = APPLICATION_CONTEXT ( 'automotive_design' ) ;
#1294 = DIRECTION ( 'NONE',  ( -1.000000000000000000, 0.000000000000000000, -0.000000000000000000 ) ) ;
#1295 = SURFACE_SIDE_STYLE ('',( #649 ) ) ;
#1296 = UNCERTAINTY_MEASURE_WITH_UNIT (LENGTH_MEASURE( 1.000000000000000082E-05 ), #592, 'distance_accuracy_value', 'NONE');
#1297 = VERTEX_POINT ( 'NONE', #747 ) ;
#1298 = DIRECTION ( 'NONE',  ( 0.000000000000000000, 0.000000000000000000, -1.000000000000000000 ) ) ;
#1299 = SURFACE_STYLE_USAGE ( .BOTH. , #1291 ) ;
#1300 = CARTESIAN_POINT ( 'NONE',  ( -3.995000000000000107, 0.8000000000000000444, 1.000000000000000222 ) ) ;
#1301 = FILL_AREA_STYLE_COLOUR ( '', #646 ) ;
#1302 = SURFACE_SIDE_STYLE ('',( #37 ) ) ;
#1303 = EDGE_LOOP ( 'NONE', ( #1252, #320, #1072, #203 ) ) ;
#1304 = CARTESIAN_POINT ( 'NONE',  ( -3.995000000000000107, 0.8000000000000000444, -2.720000000000000195 ) ) ;
#1305 =( LENGTH_UNIT ( ) NAMED_UNIT ( * ) SI_UNIT ( .MILLI., .METRE. ) );
#1306 = LINE ( 'NONE', #350, #892 ) ;
#1307 = ORIENTED_EDGE ( 'NONE', *, *, #1240, .T. ) ;
#1308 = DIRECTION ( 'NONE',  ( 0.000000000000000000, 0.000000000000000000, 1.000000000000000000 ) ) ;
#1309 = CIRCLE ( 'NONE', #707, 1.399999999999999911 ) ;
#1310 = AXIS2_PLACEMENT_3D ( 'NONE', #913, #286, #506 ) ;
#1311 =( NAMED_UNIT ( * ) SI_UNIT ( $, .STERADIAN. ) SOLID_ANGLE_UNIT ( ) );
#1312 = EDGE_CURVE ( 'NONE', #880, #1121, #1273, .T. ) ;
#1313 = VECTOR ( 'NONE', #188, 1000.000000000000000 ) ;
#1314 = UNCERTAINTY_MEASURE_WITH_UNIT (LENGTH_MEASURE( 1.000000000000000082E-05 ), #1037, 'distance_accuracy_value', 'NONE');
#1315 = MECHANICAL_DESIGN_GEOMETRIC_PRESENTATION_REPRESENTATION (  '', ( #1083 ), #217 ) ;
#1316 = LINE ( 'NONE', #238, #826 ) ;
#1317 = AXIS2_PLACEMENT_3D ( 'NONE', #893, #447, #1294 ) ;
#1318 = SURFACE_STYLE_FILL_AREA ( #894 ) ;
#1319 = ORIENTED_EDGE ( 'NONE', *, *, #749, .F. ) ;
#1320 = FILL_AREA_STYLE_COLOUR ( '', #1243 ) ;
#1321 = EDGE_CURVE ( 'NONE', #1373, #1348, #835, .T. ) ;
#1322 = CARTESIAN_POINT ( 'NONE',  ( -1.494999999999999440, 0.8005000000000001004, -2.720000000000000195 ) ) ;
#1323 = CARTESIAN_POINT ( 'NONE',  ( 3.995000000000000107, 0.8005000000000001004, 1.000000000000000000 ) ) ;
#1324 = VERTEX_POINT ( 'NONE', #520 ) ;
#1325 = DIRECTION ( 'NONE',  ( -0.000000000000000000, -1.000000000000000000, -0.000000000000000000 ) ) ;
#1326 = DIRECTION ( 'NONE',  ( -0.000000000000000000, -1.000000000000000000, -0.000000000000000000 ) ) ;
#1327 = CARTESIAN_POINT ( 'NONE',  ( 3.995000000000000107, -0.8005000000000001004, 0.000000000000000000 ) ) ;
#1328 =( NAMED_UNIT ( * ) PLANE_ANGLE_UNIT ( ) SI_UNIT ( $, .RADIAN. ) );
#1329 = PRESENTATION_STYLE_ASSIGNMENT (( #138 ) ) ;
#1330 = ADVANCED_FACE ( 'NONE', ( #753 ), #1368, .T. ) ;
#1331 = ORIENTED_EDGE ( 'NONE', *, *, #502, .T. ) ;
#1332 =( NAMED_UNIT ( * ) PLANE_ANGLE_UNIT ( ) SI_UNIT ( $, .RADIAN. ) );
#1333 = MECHANICAL_DESIGN_GEOMETRIC_PRESENTATION_REPRESENTATION (  '', ( #4 ), #171 ) ;
#1334 = COLOUR_RGB ( '',0.7921568627450980005, 0.8196078431372548767, 0.9333333333333333481 ) ;
#1335 = LINE ( 'NONE', #701, #588 ) ;
#1336 = STYLED_ITEM ( 'NONE', ( #697 ), #898 ) ;
#1337 = AXIS2_PLACEMENT_3D ( 'NONE', #170, #80, #1257 ) ;
#1338 = FACE_OUTER_BOUND ( 'NONE', #381, .T. ) ;
#1339 = COLOUR_RGB ( '',0.5372549019607842924, 0.3490196078431372362, 0.3372549019607843368 ) ;
#1340 = PRESENTATION_LAYER_ASSIGNMENT (  '', '', ( #786 ) ) ;
#1341 = AXIS2_PLACEMENT_3D ( 'NONE', #83, #1038, #308 ) ;
#1342 = EDGE_LOOP ( 'NONE', ( #1344, #58, #930, #508 ) ) ;
#1343 = CARTESIAN_POINT ( 'NONE',  ( -3.995000000000000107, 0.8005000000000001004, 1.000000000000000000 ) ) ;
#1344 = ORIENTED_EDGE ( 'NONE', *, *, #1093, .T. ) ;
#1345 = CARTESIAN_POINT ( 'NONE',  ( -3.995000000000000107, -0.8005000000000001004, 1.399999999999999911 ) ) ;
#1346 = DIRECTION ( 'NONE',  ( -0.000000000000000000, -1.000000000000000000, -0.000000000000000000 ) ) ;
#1347 = SURFACE_STYLE_FILL_AREA ( #1353 ) ;
#1348 = VERTEX_POINT ( 'NONE', #631 ) ;
#1349 = DIRECTION ( 'NONE',  ( 0.000000000000000000, -0.000000000000000000, 1.000000000000000000 ) ) ;
#1350 = FILL_AREA_STYLE ('',( #1123 ) ) ;
#1351 = ADVANCED_FACE ( 'NONE', ( #99 ), #954, .F. ) ;
#1352 = CARTESIAN_POINT ( 'NONE',  ( -3.995000000000000107, 0.8005000000000001004, -2.720000000000000195 ) ) ;
#1353 = FILL_AREA_STYLE ('',( #279 ) ) ;
#1354 = SURFACE_STYLE_FILL_AREA ( #500 ) ;
#1355 = VERTEX_POINT ( 'NONE', #354 ) ;
#1356 = PRESENTATION_STYLE_ASSIGNMENT (( #300 ) ) ;
#1357 = SURFACE_STYLE_USAGE ( .BOTH. , #932 ) ;
#1358 = VECTOR ( 'NONE', #767, 1000.000000000000000 ) ;
#1359 = DIRECTION ( 'NONE',  ( 0.000000000000000000, 0.000000000000000000, -1.000000000000000000 ) ) ;
#1360 = DIRECTION ( 'NONE',  ( -0.000000000000000000, -1.000000000000000000, -0.000000000000000000 ) ) ;
#1361 =( GEOMETRIC_REPRESENTATION_CONTEXT ( 3 ) GLOBAL_UNCERTAINTY_ASSIGNED_CONTEXT ( ( #861 ) ) GLOBAL_UNIT_ASSIGNED_CONTEXT ( ( #1154, #524, #953 ) ) REPRESENTATION_CONTEXT ( 'NONE', 'WORKASPACE' ) );
#1362 = COLOUR_RGB ( '',0.5372549019607842924, 0.3490196078431372362, 0.3372549019607843368 ) ;
#1363 = VECTOR ( 'NONE', #1163, 1000.000000000000000 ) ;
#1364 = VERTEX_POINT ( 'NONE', #1091 ) ;
#1365 = DIRECTION ( 'NONE',  ( -0.000000000000000000, 1.000000000000000000, -0.000000000000000000 ) ) ;
#1366 =( GEOMETRIC_REPRESENTATION_CONTEXT ( 3 ) GLOBAL_UNCERTAINTY_ASSIGNED_CONTEXT ( ( #111 ) ) GLOBAL_UNIT_ASSIGNED_CONTEXT ( ( #555, #566, #349 ) ) REPRESENTATION_CONTEXT ( 'NONE', 'WORKASPACE' ) );
#1367 = PRESENTATION_LAYER_ASSIGNMENT (  '', '', ( #850 ) ) ;
#1368 = CYLINDRICAL_SURFACE ( 'NONE', #470, 1.399999999999999911 ) ;
#1369 = ORIENTED_EDGE ( 'NONE', *, *, #729, .T. ) ;
#1370 = VERTEX_POINT ( 'NONE', #344 ) ;
#1371 = FILL_AREA_STYLE_COLOUR ( '', #271 ) ;
#1372 = CARTESIAN_POINT ( 'NONE',  ( 3.995000000000000107, 0.8000000000000000444, 2.720000000000000195 ) ) ;
#1373 = VERTEX_POINT ( 'NONE', #548 ) ;
#1374 = ADVANCED_FACE ( 'NONE', ( #455 ), #971, .T. ) ;
#1375 = DIRECTION ( 'NONE',  ( 0.000000000000000000, 0.000000000000000000, 1.000000000000000000 ) ) ;
ENDSEC;
END-ISO-10303-21;
